19:46:42 **** Incremental Build of configuration Debug for project 44_PWM ****
make -j12 all 
arm-none-eabi-size  44_PWM.elf 
   text	   data	    bss	    dec	    hex	filename
    984	      4	   1564	   2552	    9f8	44_PWM.elf
Finished building: default.size.stdout
 
16:59:44 **** Build of configuration Debug for project 44_PWM ****
make -j12 all 
arm-none-eabi-gcc "../Src/gpio.c" -mcpu=cortex-m4 -std=gnu11 -g3 -DDEBUG -DSTM32F410RBTx -DSTM32 -DNUCLEO_F410RB -DSTM32F4 -c -I../Inc -O0 -ffunction-sections -fdata-sections -Wall -fstack-usage -fcyclomatic-complexity -MMD -MP -MF"Src/gpio.d" -MT"Src/gpio.o" --specs=nano.specs -mfpu=fpv4-sp-d16 -mfloat-abi=hard -mthumb -o "Src/gpio.o"
arm-none-eabi-gcc "../Src/main.c" -mcpu=cortex-m4 -std=gnu11 -g3 -DDEBUG -DSTM32F410RBTx -DSTM32 -DNUCLEO_F410RB -DSTM32F4 -c -I../Inc -O0 -ffunction-sections -fdata-sections -Wall -fstack-usage -fcyclomatic-complexity -MMD -MP -MF"Src/main.d" -MT"Src/main.o" --specs=nano.specs -mfpu=fpv4-sp-d16 -mfloat-abi=hard -mthumb -o "Src/main.o"
arm-none-eabi-gcc "../Src/syscalls.c" -mcpu=cortex-m4 -std=gnu11 -g3 -DDEBUG -DSTM32F410RBTx -DSTM32 -DNUCLEO_F410RB -DSTM32F4 -c -I../Inc -O0 -ffunction-sections -fdata-sections -Wall -fstack-usage -fcyclomatic-complexity -MMD -MP -MF"Src/syscalls.d" -MT"Src/syscalls.o" --specs=nano.specs -mfpu=fpv4-sp-d16 -mfloat-abi=hard -mthumb -o "Src/syscalls.o"
arm-none-eabi-gcc "../Src/sysmem.c" -mcpu=cortex-m4 -std=gnu11 -g3 -DDEBUG -DSTM32F410RBTx -DSTM32 -DNUCLEO_F410RB -DSTM32F4 -c -I../Inc -O0 -ffunction-sections -fdata-sections -Wall -fstack-usage -fcyclomatic-complexity -MMD -MP -MF"Src/sysmem.d" -MT"Src/sysmem.o" --specs=nano.specs -mfpu=fpv4-sp-d16 -mfloat-abi=hard -mthumb -o "Src/sysmem.o"
arm-none-eabi-gcc "../Src/timer.c" -mcpu=cortex-m4 -std=gnu11 -g3 -DDEBUG -DSTM32F410RBTx -DSTM32 -DNUCLEO_F410RB -DSTM32F4 -c -I../Inc -O0 -ffunction-sections -fdata-sections -Wall -fstack-usage -fcyclomatic-complexity -MMD -MP -MF"Src/timer.d" -MT"Src/timer.o" --specs=nano.specs -mfpu=fpv4-sp-d16 -mfloat-abi=hard -mthumb -o "Src/timer.o"
In file included from ../Inc/timer.h:4,
                 from ../Src/timer.c:1:
../Inc/stm32f410rb.h:7:1: warning: "/*" within comment [-Wcomment]
    7 | /*1. Definicion de registros usando struct
../Inc/stm32f410rb.h:8:1: warning: "/*" within comment [-Wcomment]
    8 | /*=====================================================================*/
../Inc/stm32f410rb.h:87:1: warning: "/*" within comment [-Wcomment]
   87 | /*2. Direcciones base de memorias y buses (STM32F410RB)
../Inc/stm32f410rb.h:88:1: warning: "/*" within comment [-Wcomment]
   88 | /*=====================================================================*/
../Inc/stm32f410rb.h:100:1: warning: "/*" within comment [-Wcomment]
  100 | /*3. Casteo a punteros
../Inc/stm32f410rb.h:101:1: warning: "/*" within comment [-Wcomment]
  101 | /*=====================================================================*/
../Src/timer.c: In function 'tim5_pwm_init':
../Src/timer.c:5:10: error: 'RCC_APB1ENR' undeclared (first use in this function)
    5 |         *RCC_APB1ENR |= (1 << 3);
      |          ^~~~~~~~~~~
../Src/timer.c:5:10: note: each undeclared identifier is reported only once for each function it appears in
../Src/timer.c:8:10: error: 'TIM5_PSC' undeclared (first use in this function); did you mean 'TIM5_BASE'?
    8 |         *TIM5_PSC = 15; // with PSC = 15. Make 1 tick each 1us. Fcnt = 1 MHz
      |          ^~~~~~~~
      |          TIM5_BASE
../Src/timer.c:9:10: error: 'TIM5_ARR' undeclared (first use in this function); did you mean 'TIM5_BASE'?
    9 |         *TIM5_ARR = 999; //fcycle = 1 kHz with ARR = 999. T = 1ms.
      |          ^~~~~~~~
      |          TIM5_BASE
../Src/timer.c:12:10: error: 'TIM5_CCMR1' undeclared (first use in this function)
   12 |         *TIM5_CCMR1 &= ~(7 << 4);
      |          ^~~~~~~~~~
../Src/timer.c:16:10: error: 'TIM5_CCER' undeclared (first use in this function)
   16 |         *TIM5_CCER |= (1 << 0);
      |          ^~~~~~~~~
../Src/timer.c:19:10: error: 'TIM5_CCR1' undeclared (first use in this function)
   19 |         *TIM5_CCR1 = 250;
      |          ^~~~~~~~~
../Src/timer.c:22:10: error: 'TIM5_CR1' undeclared (first use in this function)
   22 |         *TIM5_CR1 |= (1 << 0);
      |          ^~~~~~~~
make: *** [Src/subdir.mk:31: Src/timer.o] Error 1
make: *** Waiting for unfinished jobs....
In file included from ../Src/main.c:1:
../Inc/stm32f410rb.h:7:1: warning: "/*" within comment [-Wcomment]
    7 | /*1. Definicion de registros usando struct
../Inc/stm32f410rb.h:8:1: warning: "/*" within comment [-Wcomment]
    8 | /*=====================================================================*/
../Inc/stm32f410rb.h:87:1: warning: "/*" within comment [-Wcomment]
   87 | /*2. Direcciones base de memorias y buses (STM32F410RB)
../Inc/stm32f410rb.h:88:1: warning: "/*" within comment [-Wcomment]
   88 | /*=====================================================================*/
../Inc/stm32f410rb.h:100:1: warning: "/*" within comment [-Wcomment]
  100 | /*3. Casteo a punteros
../Inc/stm32f410rb.h:101:1: warning: "/*" within comment [-Wcomment]
  101 | /*=====================================================================*/
In file included from ../Inc/gpio.h:4,
                 from ../Src/main.c:2:
../Inc/stm32f410rb.h:7:1: warning: "/*" within comment [-Wcomment]
    7 | /*1. Definicion de registros usando struct
../Inc/stm32f410rb.h:8:1: warning: "/*" within comment [-Wcomment]
    8 | /*=====================================================================*/
../Inc/stm32f410rb.h:87:1: warning: "/*" within comment [-Wcomment]
   87 | /*2. Direcciones base de memorias y buses (STM32F410RB)
../Inc/stm32f410rb.h:88:1: warning: "/*" within comment [-Wcomment]
   88 | /*=====================================================================*/
../Inc/stm32f410rb.h:100:1: warning: "/*" within comment [-Wcomment]
  100 | /*3. Casteo a punteros
../Inc/stm32f410rb.h:101:1: warning: "/*" within comment [-Wcomment]
  101 | /*=====================================================================*/
In file included from ../Inc/gpio.h:4,
                 from ../Src/gpio.c:1:
../Inc/stm32f410rb.h:7:1: warning: "/*" within comment [-Wcomment]
    7 | /*1. Definicion de registros usando struct
../Inc/stm32f410rb.h:8:1: warning: "/*" within comment [-Wcomment]
    8 | /*=====================================================================*/
../Inc/stm32f410rb.h:87:1: warning: "/*" within comment [-Wcomment]
   87 | /*2. Direcciones base de memorias y buses (STM32F410RB)
../Inc/stm32f410rb.h:88:1: warning: "/*" within comment [-Wcomment]
   88 | /*=====================================================================*/
../Inc/stm32f410rb.h:100:1: warning: "/*" within comment [-Wcomment]
  100 | /*3. Casteo a punteros
../Inc/stm32f410rb.h:101:1: warning: "/*" within comment [-Wcomment]
  101 | /*=====================================================================*/
../Src/gpio.c: In function 'gpio_pa0_init_pwm':
../Src/gpio.c:5:10: error: 'RCC_AHB1ENR' undeclared (first use in this function)
    5 |         *RCC_AHB1ENR |= (1 << 0);
      |          ^~~~~~~~~~~
../Src/gpio.c:5:10: note: each undeclared identifier is reported only once for each function it appears in
../Src/gpio.c:8:10: error: 'GPIOA_MODER0' undeclared (first use in this function)
    8 |         *GPIOA_MODER0 &= ~(3 << 0); //Clear bits 1:0
      |          ^~~~~~~~~~~~
../Src/gpio.c:12:10: error: 'GPIOA_AFRL0' undeclared (first use in this function)
   12 |         *GPIOA_AFRL0 &= ~(15 << 0); //Clear bits 3:0
      |          ^~~~~~~~~~~
make: *** [Src/subdir.mk:31: Src/gpio.o] Error 1
"make -j12 all" terminated with exit code 2. Build might be incomplete.
17:00:03 **** Incremental Build of configuration Debug for project 44_PWM ****
make -j12 all 
arm-none-eabi-gcc "../Src/gpio.c" -mcpu=cortex-m4 -std=gnu11 -g3 -DDEBUG -DSTM32F410RBTx -DSTM32 -DNUCLEO_F410RB -DSTM32F4 -c -I../Inc -O0 -ffunction-sections -fdata-sections -Wall -fstack-usage -fcyclomatic-complexity -MMD -MP -MF"Src/gpio.d" -MT"Src/gpio.o" --specs=nano.specs -mfpu=fpv4-sp-d16 -mfloat-abi=hard -mthumb -o "Src/gpio.o"
arm-none-eabi-gcc "../Src/timer.c" -mcpu=cortex-m4 -std=gnu11 -g3 -DDEBUG -DSTM32F410RBTx -DSTM32 -DNUCLEO_F410RB -DSTM32F4 -c -I../Inc -O0 -ffunction-sections -fdata-sections -Wall -fstack-usage -fcyclomatic-complexity -MMD -MP -MF"Src/timer.d" -MT"Src/timer.o" --specs=nano.specs -mfpu=fpv4-sp-d16 -mfloat-abi=hard -mthumb -o "Src/timer.o"
In file included from ../Inc/timer.h:4,
                 from ../Src/timer.c:1:
../Inc/stm32f410rb.h:7:1: warning: "/*" within comment [-Wcomment]
    7 | /*1. Definicion de registros usando struct
../Inc/stm32f410rb.h:8:1: warning: "/*" within comment [-Wcomment]
    8 | /*=====================================================================*/
../Inc/stm32f410rb.h:87:1: warning: "/*" within comment [-Wcomment]
   87 | /*2. Direcciones base de memorias y buses (STM32F410RB)
../Inc/stm32f410rb.h:88:1: warning: "/*" within comment [-Wcomment]
   88 | /*=====================================================================*/
../Inc/stm32f410rb.h:100:1: warning: "/*" within comment [-Wcomment]
  100 | /*3. Casteo a punteros
../Inc/stm32f410rb.h:101:1: warning: "/*" within comment [-Wcomment]
  101 | /*=====================================================================*/
In file included from ../Inc/gpio.h:4,
                 from ../Src/gpio.c:1:
../Inc/stm32f410rb.h:7:1: warning: "/*" within comment [-Wcomment]
    7 | /*1. Definicion de registros usando struct
../Inc/stm32f410rb.h:8:1: warning: "/*" within comment [-Wcomment]
    8 | /*=====================================================================*/
../Inc/stm32f410rb.h:87:1: warning: "/*" within comment [-Wcomment]
   87 | /*2. Direcciones base de memorias y buses (STM32F410RB)
../Inc/stm32f410rb.h:88:1: warning: "/*" within comment [-Wcomment]
   88 | /*=====================================================================*/
../Src/timer.c: In function 'tim5_pwm_init':
../Inc/stm32f410rb.h:100:1: warning: "/*" within comment [-Wcomment]
  100 | /*3. Casteo a punteros
../Inc/stm32f410rb.h:101:1: warning: "/*" within comment [-Wcomment]
  101 | /*=====================================================================*/
../Src/timer.c:5:10: error: 'RCC_APB1ENR' undeclared (first use in this function)
    5 |         *RCC_APB1ENR |= (1 << 3);
      |          ^~~~~~~~~~~
../Src/timer.c:5:10: note: each undeclared identifier is reported only once for each function it appears in
../Src/gpio.c: In function 'gpio_pa0_init_pwm':
../Src/gpio.c:5:10: error: 'RCC_AHB1ENR' undeclared (first use in this function)
    5 |         *RCC_AHB1ENR |= (1 << 0);
      |          ^~~~~~~~~~~
../Src/gpio.c:5:10: note: each undeclared identifier is reported only once for each function it appears in
../Src/timer.c:8:10: error: 'TIM5_PSC' undeclared (first use in this function); did you mean 'TIM5_BASE'?
    8 |         *TIM5_PSC = 15; // with PSC = 15. Make 1 tick each 1us. Fcnt = 1 MHz
      |          ^~~~~~~~
      |          TIM5_BASE
../Src/gpio.c:8:10: error: 'GPIOA_MODER0' undeclared (first use in this function)
    8 |         *GPIOA_MODER0 &= ~(3 << 0); //Clear bits 1:0
      |          ^~~~~~~~~~~~
../Src/timer.c:9:10: error: 'TIM5_ARR' undeclared (first use in this function); did you mean 'TIM5_BASE'?
    9 |         *TIM5_ARR = 999; //fcycle = 1 kHz with ARR = 999. T = 1ms.
      |          ^~~~~~~~
      |          TIM5_BASE
../Src/timer.c:12:10: error: 'TIM5_CCMR1' undeclared (first use in this function)
   12 |         *TIM5_CCMR1 &= ~(7 << 4);
      |          ^~~~~~~~~~
../Src/gpio.c:12:10: error: 'GPIOA_AFRL0' undeclared (first use in this function)
   12 |         *GPIOA_AFRL0 &= ~(15 << 0); //Clear bits 3:0
      |          ^~~~~~~~~~~
../Src/timer.c:16:10: error: 'TIM5_CCER' undeclared (first use in this function)
   16 |         *TIM5_CCER |= (1 << 0);
      |          ^~~~~~~~~
../Src/timer.c:19:10: error: 'TIM5_CCR1' undeclared (first use in this function)
   19 |         *TIM5_CCR1 = 250;
      |          ^~~~~~~~~
../Src/timer.c:22:10: error: 'TIM5_CR1' undeclared (first use in this function)
   22 |         *TIM5_CR1 |= (1 << 0);
      |          ^~~~~~~~
make: *** [Src/subdir.mk:31: Src/gpio.o] Error 1
make: *** Waiting for unfinished jobs....
make: *** [Src/subdir.mk:31: Src/timer.o] Error 1
"make -j12 all" terminated with exit code 2. Build might be incomplete.
17:01:06 **** Incremental Build of configuration Debug for project 44_PWM ****
make -j12 all 
arm-none-eabi-gcc "../Src/gpio.c" -mcpu=cortex-m4 -std=gnu11 -g3 -DDEBUG -DSTM32F410RBTx -DSTM32 -DNUCLEO_F410RB -DSTM32F4 -c -I../Inc -O0 -ffunction-sections -fdata-sections -Wall -fstack-usage -fcyclomatic-complexity -MMD -MP -MF"Src/gpio.d" -MT"Src/gpio.o" --specs=nano.specs -mfpu=fpv4-sp-d16 -mfloat-abi=hard -mthumb -o "Src/gpio.o"
arm-none-eabi-gcc "../Src/timer.c" -mcpu=cortex-m4 -std=gnu11 -g3 -DDEBUG -DSTM32F410RBTx -DSTM32 -DNUCLEO_F410RB -DSTM32F4 -c -I../Inc -O0 -ffunction-sections -fdata-sections -Wall -fstack-usage -fcyclomatic-complexity -MMD -MP -MF"Src/timer.d" -MT"Src/timer.o" --specs=nano.specs -mfpu=fpv4-sp-d16 -mfloat-abi=hard -mthumb -o "Src/timer.o"
In file included from ../Inc/gpio.h:4,
                 from ../Src/gpio.c:1:
../Inc/stm32f410rb.h:7:1: warning: "/*" within comment [-Wcomment]
    7 | /*1. Definicion de registros usando struct
../Inc/stm32f410rb.h:8:1: warning: "/*" within comment [-Wcomment]
    8 | /*=====================================================================*/
../Inc/stm32f410rb.h:87:1: warning: "/*" within comment [-Wcomment]
   87 | /*2. Direcciones base de memorias y buses (STM32F410RB)
../Inc/stm32f410rb.h:88:1: warning: "/*" within comment [-Wcomment]
   88 | /*=====================================================================*/
../Inc/stm32f410rb.h:100:1: warning: "/*" within comment [-Wcomment]
  100 | /*3. Casteo a punteros
../Inc/stm32f410rb.h:101:1: warning: "/*" within comment [-Wcomment]
  101 | /*=====================================================================*/
../Src/gpio.c: In function 'gpio_pa0_init_pwm':
../Src/gpio.c:5:10: error: 'RCC_AHB1ENR' undeclared (first use in this function)
    5 |         *RCC_AHB1ENR |= (1 << 0);
      |          ^~~~~~~~~~~
../Src/gpio.c:5:10: note: each undeclared identifier is reported only once for each function it appears in
../Src/gpio.c:8:10: error: 'GPIOA_MODER0' undeclared (first use in this function)
    8 |         *GPIOA_MODER0 &= ~(3 << 0); //Clear bits 1:0
      |          ^~~~~~~~~~~~
../Src/gpio.c:12:10: error: 'GPIOA_AFRL0' undeclared (first use in this function)
   12 |         *GPIOA_AFRL0 &= ~(15 << 0); //Clear bits 3:0
      |          ^~~~~~~~~~~
In file included from ../Inc/timer.h:4,
                 from ../Src/timer.c:1:
../Inc/stm32f410rb.h:7:1: warning: "/*" within comment [-Wcomment]
    7 | /*1. Definicion de registros usando struct
../Inc/stm32f410rb.h:8:1: warning: "/*" within comment [-Wcomment]
    8 | /*=====================================================================*/
../Inc/stm32f410rb.h:87:1: warning: "/*" within comment [-Wcomment]
   87 | /*2. Direcciones base de memorias y buses (STM32F410RB)
../Inc/stm32f410rb.h:88:1: warning: "/*" within comment [-Wcomment]
   88 | /*=====================================================================*/
../Inc/stm32f410rb.h:100:1: warning: "/*" within comment [-Wcomment]
  100 | /*3. Casteo a punteros
../Inc/stm32f410rb.h:101:1: warning: "/*" within comment [-Wcomment]
  101 | /*=====================================================================*/
../Src/timer.c: In function 'tim5_pwm_init':
../Src/timer.c:5:9: error: invalid type argument of unary '*' (have 'uint32_t' {aka 'long unsigned int'})
    5 |         *RCC->APB1ENR |= (1 << 3);
      |         ^~~~~~~~~~~~~
../Src/timer.c:8:10: error: 'TIM5_PSC' undeclared (first use in this function); did you mean 'TIM5_BASE'?
    8 |         *TIM5_PSC = 15; // with PSC = 15. Make 1 tick each 1us. Fcnt = 1 MHz
      |          ^~~~~~~~
      |          TIM5_BASE
../Src/timer.c:8:10: note: each undeclared identifier is reported only once for each function it appears in
../Src/timer.c:9:10: error: 'TIM5_ARR' undeclared (first use in this function); did you mean 'TIM5_BASE'?
    9 |         *TIM5_ARR = 999; //fcycle = 1 kHz with ARR = 999. T = 1ms.
      |          ^~~~~~~~
      |          TIM5_BASE
../Src/timer.c:12:10: error: 'TIM5_CCMR1' undeclared (first use in this function)
   12 |         *TIM5_CCMR1 &= ~(7 << 4);
      |          ^~~~~~~~~~
../Src/timer.c:16:10: error: 'TIM5_CCER' undeclared (first use in this function)
   16 |         *TIM5_CCER |= (1 << 0);
      |          ^~~~~~~~~
../Src/timer.c:19:10: error: 'TIM5_CCR1' undeclared (first use in this function)
   19 |         *TIM5_CCR1 = 250;
      |          ^~~~~~~~~
../Src/timer.c:22:10: error: 'TIM5_CR1' undeclared (first use in this function)
   22 |         *TIM5_CR1 |= (1 << 0);
      |          ^~~~~~~~
make: *** [Src/subdir.mk:31: Src/gpio.o] Error 1
make: *** Waiting for unfinished jobs....
make: *** [Src/subdir.mk:31: Src/timer.o] Error 1
"make -j12 all" terminated with exit code 2. Build might be incomplete.
17:02:07 **** Incremental Build of configuration Debug for project 44_PWM ****
make -j12 all 
arm-none-eabi-gcc "../Src/gpio.c" -mcpu=cortex-m4 -std=gnu11 -g3 -DDEBUG -DSTM32F410RBTx -DSTM32 -DNUCLEO_F410RB -DSTM32F4 -c -I../Inc -O0 -ffunction-sections -fdata-sections -Wall -fstack-usage -fcyclomatic-complexity -MMD -MP -MF"Src/gpio.d" -MT"Src/gpio.o" --specs=nano.specs -mfpu=fpv4-sp-d16 -mfloat-abi=hard -mthumb -o "Src/gpio.o"
arm-none-eabi-gcc "../Src/timer.c" -mcpu=cortex-m4 -std=gnu11 -g3 -DDEBUG -DSTM32F410RBTx -DSTM32 -DNUCLEO_F410RB -DSTM32F4 -c -I../Inc -O0 -ffunction-sections -fdata-sections -Wall -fstack-usage -fcyclomatic-complexity -MMD -MP -MF"Src/timer.d" -MT"Src/timer.o" --specs=nano.specs -mfpu=fpv4-sp-d16 -mfloat-abi=hard -mthumb -o "Src/timer.o"
In file included from ../Inc/gpio.h:4,
                 from ../Src/gpio.c:1:
../Inc/stm32f410rb.h:7:1: warning: "/*" within comment [-Wcomment]
    7 | /*1. Definicion de registros usando struct
../Inc/stm32f410rb.h:8:1: warning: "/*" within comment [-Wcomment]
    8 | /*=====================================================================*/
../Inc/stm32f410rb.h:87:1: warning: "/*" within comment [-Wcomment]
   87 | /*2. Direcciones base de memorias y buses (STM32F410RB)
../Inc/stm32f410rb.h:88:1: warning: "/*" within comment [-Wcomment]
   88 | /*=====================================================================*/
../Inc/stm32f410rb.h:100:1: warning: "/*" within comment [-Wcomment]
  100 | /*3. Casteo a punteros
../Inc/stm32f410rb.h:101:1: warning: "/*" within comment [-Wcomment]
  101 | /*=====================================================================*/
../Src/gpio.c: In function 'gpio_pa0_init_pwm':
../Src/gpio.c:5:10: error: 'RCC_AHB1ENR' undeclared (first use in this function)
    5 |         *RCC_AHB1ENR |= (1 << 0);
      |          ^~~~~~~~~~~
../Src/gpio.c:5:10: note: each undeclared identifier is reported only once for each function it appears in
../Src/gpio.c:8:10: error: 'GPIOA_MODER0' undeclared (first use in this function)
    8 |         *GPIOA_MODER0 &= ~(3 << 0); //Clear bits 1:0
      |          ^~~~~~~~~~~~
../Src/gpio.c:12:10: error: 'GPIOA_AFRL0' undeclared (first use in this function)
   12 |         *GPIOA_AFRL0 &= ~(15 << 0); //Clear bits 3:0
      |          ^~~~~~~~~~~
In file included from ../Inc/timer.h:4,
                 from ../Src/timer.c:1:
../Inc/stm32f410rb.h:7:1: warning: "/*" within comment [-Wcomment]
    7 | /*1. Definicion de registros usando struct
../Inc/stm32f410rb.h:8:1: warning: "/*" within comment [-Wcomment]
    8 | /*=====================================================================*/
../Inc/stm32f410rb.h:87:1: warning: "/*" within comment [-Wcomment]
   87 | /*2. Direcciones base de memorias y buses (STM32F410RB)
../Inc/stm32f410rb.h:88:1: warning: "/*" within comment [-Wcomment]
   88 | /*=====================================================================*/
../Inc/stm32f410rb.h:100:1: warning: "/*" within comment [-Wcomment]
  100 | /*3. Casteo a punteros
../Inc/stm32f410rb.h:101:1: warning: "/*" within comment [-Wcomment]
  101 | /*=====================================================================*/
make: *** [Src/subdir.mk:31: Src/gpio.o] Error 1
make: *** Waiting for unfinished jobs....
"make -j12 all" terminated with exit code 2. Build might be incomplete.
17:02:39 **** Incremental Build of configuration Debug for project 44_PWM ****
make -j12 all 
arm-none-eabi-gcc "../Src/gpio.c" -mcpu=cortex-m4 -std=gnu11 -g3 -DDEBUG -DSTM32F410RBTx -DSTM32 -DNUCLEO_F410RB -DSTM32F4 -c -I../Inc -O0 -ffunction-sections -fdata-sections -Wall -fstack-usage -fcyclomatic-complexity -MMD -MP -MF"Src/gpio.d" -MT"Src/gpio.o" --specs=nano.specs -mfpu=fpv4-sp-d16 -mfloat-abi=hard -mthumb -o "Src/gpio.o"
In file included from ../Inc/gpio.h:4,
                 from ../Src/gpio.c:1:
../Inc/stm32f410rb.h:7:1: warning: "/*" within comment [-Wcomment]
    7 | /*1. Definicion de registros usando struct
../Inc/stm32f410rb.h:8:1: warning: "/*" within comment [-Wcomment]
    8 | /*=====================================================================*/
../Inc/stm32f410rb.h:87:1: warning: "/*" within comment [-Wcomment]
   87 | /*2. Direcciones base de memorias y buses (STM32F410RB)
../Inc/stm32f410rb.h:88:1: warning: "/*" within comment [-Wcomment]
   88 | /*=====================================================================*/
../Inc/stm32f410rb.h:100:1: warning: "/*" within comment [-Wcomment]
  100 | /*3. Casteo a punteros
../Inc/stm32f410rb.h:101:1: warning: "/*" within comment [-Wcomment]
  101 | /*=====================================================================*/
../Src/gpio.c: In function 'gpio_pa0_init_pwm':
../Src/gpio.c:8:17: error: 'GPIO_TypeDef' has no member named 'MODER0'; did you mean 'MODER'?
    8 |          GPIOA->MODER0 &= ~(3 << 0); //Clear bits 1:0
      |                 ^~~~~~
      |                 MODER
../Src/gpio.c:9:17: error: 'GPIO_TypeDef' has no member named 'MODER0'; did you mean 'MODER'?
    9 |          GPIOA->MODER0 |= (2 << 0); //Write 10 in bits 1:0
      |                 ^~~~~~
      |                 MODER
../Src/gpio.c:12:17: error: 'GPIO_TypeDef' has no member named 'AFRL0'; did you mean 'AFRL'?
   12 |          GPIOA->AFRL0 &= ~(15 << 0); //Clear bits 3:0
      |                 ^~~~~
      |                 AFRL
../Src/gpio.c:13:17: error: 'GPIO_TypeDef' has no member named 'AFRL0'; did you mean 'AFRL'?
   13 |          GPIOA->AFRL0 |= (2 << 0); //Write 0010 bits 3:0
      |                 ^~~~~
      |                 AFRL
make: *** [Src/subdir.mk:31: Src/gpio.o] Error 1
"make -j12 all" terminated with exit code 2. Build might be incomplete.
17:02:59 **** Incremental Build of configuration Debug for project 44_PWM ****
make -j12 all 
arm-none-eabi-gcc "../Src/gpio.c" -mcpu=cortex-m4 -std=gnu11 -g3 -DDEBUG -DSTM32F410RBTx -DSTM32 -DNUCLEO_F410RB -DSTM32F4 -c -I../Inc -O0 -ffunction-sections -fdata-sections -Wall -fstack-usage -fcyclomatic-complexity -MMD -MP -MF"Src/gpio.d" -MT"Src/gpio.o" --specs=nano.specs -mfpu=fpv4-sp-d16 -mfloat-abi=hard -mthumb -o "Src/gpio.o"
In file included from ../Inc/gpio.h:4,
                 from ../Src/gpio.c:1:
../Inc/stm32f410rb.h:7:1: warning: "/*" within comment [-Wcomment]
    7 | /*1. Definicion de registros usando struct
../Inc/stm32f410rb.h:8:1: warning: "/*" within comment [-Wcomment]
    8 | /*=====================================================================*/
../Inc/stm32f410rb.h:87:1: warning: "/*" within comment [-Wcomment]
   87 | /*2. Direcciones base de memorias y buses (STM32F410RB)
../Inc/stm32f410rb.h:88:1: warning: "/*" within comment [-Wcomment]
   88 | /*=====================================================================*/
../Inc/stm32f410rb.h:100:1: warning: "/*" within comment [-Wcomment]
  100 | /*3. Casteo a punteros
../Inc/stm32f410rb.h:101:1: warning: "/*" within comment [-Wcomment]
  101 | /*=====================================================================*/
../Src/gpio.c: In function 'gpio_pa0_init_pwm':
../Src/gpio.c:8:17: error: 'GPIO_TypeDef' has no member named 'MODER0'; did you mean 'MODER'?
    8 |          GPIOA->MODER0 &= ~(3 << 0); //Clear bits 1:0
      |                 ^~~~~~
      |                 MODER
../Src/gpio.c:9:17: error: 'GPIO_TypeDef' has no member named 'MODER0'; did you mean 'MODER'?
    9 |          GPIOA->MODER0 |= (2 << 0); //Write 10 in bits 1:0
      |                 ^~~~~~
      |                 MODER
../Src/gpio.c:12:17: error: 'GPIO_TypeDef' has no member named 'AFRL0'; did you mean 'AFRL'?
   12 |          GPIOA->AFRL0 &= ~(15 << 0); //Clear bits 3:0
      |                 ^~~~~
      |                 AFRL
../Src/gpio.c:13:17: error: 'GPIO_TypeDef' has no member named 'AFRL0'; did you mean 'AFRL'?
   13 |          GPIOA->AFRL0 |= (2 << 0); //Write 0010 bits 3:0
      |                 ^~~~~
      |                 AFRL
make: *** [Src/subdir.mk:31: Src/gpio.o] Error 1
"make -j12 all" terminated with exit code 2. Build might be incomplete.
17:03:03 **** Incremental Build of configuration Debug for project 44_PWM ****
make -j12 all 
arm-none-eabi-gcc "../Src/gpio.c" -mcpu=cortex-m4 -std=gnu11 -g3 -DDEBUG -DSTM32F410RBTx -DSTM32 -DNUCLEO_F410RB -DSTM32F4 -c -I../Inc -O0 -ffunction-sections -fdata-sections -Wall -fstack-usage -fcyclomatic-complexity -MMD -MP -MF"Src/gpio.d" -MT"Src/gpio.o" --specs=nano.specs -mfpu=fpv4-sp-d16 -mfloat-abi=hard -mthumb -o "Src/gpio.o"
In file included from ../Inc/gpio.h:4,
                 from ../Src/gpio.c:1:
../Inc/stm32f410rb.h:7:1: warning: "/*" within comment [-Wcomment]
    7 | /*1. Definicion de registros usando struct
../Inc/stm32f410rb.h:8:1: warning: "/*" within comment [-Wcomment]
    8 | /*=====================================================================*/
../Inc/stm32f410rb.h:87:1: warning: "/*" within comment [-Wcomment]
   87 | /*2. Direcciones base de memorias y buses (STM32F410RB)
../Inc/stm32f410rb.h:88:1: warning: "/*" within comment [-Wcomment]
   88 | /*=====================================================================*/
../Inc/stm32f410rb.h:100:1: warning: "/*" within comment [-Wcomment]
  100 | /*3. Casteo a punteros
../Inc/stm32f410rb.h:101:1: warning: "/*" within comment [-Wcomment]
  101 | /*=====================================================================*/
../Src/gpio.c: In function 'gpio_pa0_init_pwm':
../Src/gpio.c:8:17: error: 'GPIO_TypeDef' has no member named 'MODER0'; did you mean 'MODER'?
    8 |          GPIOA->MODER0 &= ~(3 << 0); //Clear bits 1:0
      |                 ^~~~~~
      |                 MODER
../Src/gpio.c:9:17: error: 'GPIO_TypeDef' has no member named 'MODER0'; did you mean 'MODER'?
    9 |          GPIOA->MODER0 |= (2 << 0); //Write 10 in bits 1:0
      |                 ^~~~~~
      |                 MODER
../Src/gpio.c:12:17: error: 'GPIO_TypeDef' has no member named 'AFRL0'; did you mean 'AFRL'?
   12 |          GPIOA->AFRL0 &= ~(15 << 0); //Clear bits 3:0
      |                 ^~~~~
      |                 AFRL
../Src/gpio.c:13:17: error: 'GPIO_TypeDef' has no member named 'AFRL0'; did you mean 'AFRL'?
   13 |          GPIOA->AFRL0 |= (2 << 0); //Write 0010 bits 3:0
      |                 ^~~~~
      |                 AFRL
make: *** [Src/subdir.mk:31: Src/gpio.o] Error 1
"make -j12 all" terminated with exit code 2. Build might be incomplete.
17:04:25 **** Incremental Build of configuration Debug for project 44_PWM ****
make -j12 all 
arm-none-eabi-gcc "../Src/gpio.c" -mcpu=cortex-m4 -std=gnu11 -g3 -DDEBUG -DSTM32F410RBTx -DSTM32 -DNUCLEO_F410RB -DSTM32F4 -c -I../Inc -O0 -ffunction-sections -fdata-sections -Wall -fstack-usage -fcyclomatic-complexity -MMD -MP -MF"Src/gpio.d" -MT"Src/gpio.o" --specs=nano.specs -mfpu=fpv4-sp-d16 -mfloat-abi=hard -mthumb -o "Src/gpio.o"
In file included from ../Inc/gpio.h:4,
                 from ../Src/gpio.c:1:
../Inc/stm32f410rb.h:7:1: warning: "/*" within comment [-Wcomment]
    7 | /*1. Definicion de registros usando struct
../Inc/stm32f410rb.h:8:1: warning: "/*" within comment [-Wcomment]
    8 | /*=====================================================================*/
../Inc/stm32f410rb.h:87:1: warning: "/*" within comment [-Wcomment]
   87 | /*2. Direcciones base de memorias y buses (STM32F410RB)
../Inc/stm32f410rb.h:88:1: warning: "/*" within comment [-Wcomment]
   88 | /*=====================================================================*/
../Inc/stm32f410rb.h:100:1: warning: "/*" within comment [-Wcomment]
  100 | /*3. Casteo a punteros
../Inc/stm32f410rb.h:101:1: warning: "/*" within comment [-Wcomment]
  101 | /*=====================================================================*/
../Src/gpio.c: In function 'gpio_pa0_init_pwm':
../Src/gpio.c:8:17: error: 'GPIO_TypeDef' has no member named 'MODER0'; did you mean 'MODER'?
    8 |          GPIOA->MODER0 &= ~(3 << 0); //Clear bits 1:0
      |                 ^~~~~~
      |                 MODER
../Src/gpio.c:9:17: error: 'GPIO_TypeDef' has no member named 'MODER0'; did you mean 'MODER'?
    9 |          GPIOA->MODER0 |= (2 << 0); //Write 10 in bits 1:0
      |                 ^~~~~~
      |                 MODER
../Src/gpio.c:12:17: error: 'GPIO_TypeDef' has no member named 'AFRL0'; did you mean 'AFRL'?
   12 |          GPIOA->AFRL0 &= ~(15 << 0); //Clear bits 3:0
      |                 ^~~~~
      |                 AFRL
../Src/gpio.c:13:17: error: 'GPIO_TypeDef' has no member named 'AFRL0'; did you mean 'AFRL'?
   13 |          GPIOA->AFRL0 |= (2 << 0); //Write 0010 bits 3:0
      |                 ^~~~~
      |                 AFRL
make: *** [Src/subdir.mk:31: Src/gpio.o] Error 1
"make -j12 all" terminated with exit code 2. Build might be incomplete.
17:05:21 **** Incremental Build of configuration Debug for project 44_PWM ****
make -j12 all 
arm-none-eabi-gcc "../Src/gpio.c" -mcpu=cortex-m4 -std=gnu11 -g3 -DDEBUG -DSTM32F410RBTx -DSTM32 -DNUCLEO_F410RB -DSTM32F4 -c -I../Inc -O0 -ffunction-sections -fdata-sections -Wall -fstack-usage -fcyclomatic-complexity -MMD -MP -MF"Src/gpio.d" -MT"Src/gpio.o" --specs=nano.specs -mfpu=fpv4-sp-d16 -mfloat-abi=hard -mthumb -o "Src/gpio.o"
In file included from ../Inc/gpio.h:4,
                 from ../Src/gpio.c:1:
../Inc/stm32f410rb.h:7:1: warning: "/*" within comment [-Wcomment]
    7 | /*1. Definicion de registros usando struct
../Inc/stm32f410rb.h:8:1: warning: "/*" within comment [-Wcomment]
    8 | /*=====================================================================*/
../Inc/stm32f410rb.h:87:1: warning: "/*" within comment [-Wcomment]
   87 | /*2. Direcciones base de memorias y buses (STM32F410RB)
../Inc/stm32f410rb.h:88:1: warning: "/*" within comment [-Wcomment]
   88 | /*=====================================================================*/
../Inc/stm32f410rb.h:100:1: warning: "/*" within comment [-Wcomment]
  100 | /*3. Casteo a punteros
../Inc/stm32f410rb.h:101:1: warning: "/*" within comment [-Wcomment]
  101 | /*=====================================================================*/
arm-none-eabi-gcc -o "44_PWM.elf" @"objects.list"   -mcpu=cortex-m4 -T"D:\Embedded\STM32Bare\Module4\4.4PWM\STM32F410RBTX_FLASH.ld" --specs=nosys.specs -Wl,-Map="44_PWM.map" -Wl,--gc-sections -static --specs=nano.specs -mfpu=fpv4-sp-d16 -mfloat-abi=hard -mthumb -Wl,--start-group -lc -lm -Wl,--end-group
Finished building target: 44_PWM.elf
 
arm-none-eabi-size  44_PWM.elf 
arm-none-eabi-objdump -h -S 44_PWM.elf  > "44_PWM.list"
   text	   data	    bss	    dec	    hex	filename
    996	      0	   1568	   2564	    a04	44_PWM.elf
Finished building: default.size.stdout
 
Finished building: 44_PWM.list
 
17:06:23 **** Incremental Build of configuration Debug for project 44_PWM ****
make -j12 all 
arm-none-eabi-size  44_PWM.elf 
   text	   data	    bss	    dec	    hex	filename
    996	      0	   1568	   2564	    a04	44_PWM.elf
Finished building: default.size.stdout
 
17:13:35 **** Incremental Build of configuration Debug for project 44_PWM ****
make -j12 all 
arm-none-eabi-size  44_PWM.elf 
   text	   data	    bss	    dec	    hex	filename
    996	      0	   1568	   2564	    a04	44_PWM.elf
Finished building: default.size.stdout
 
17:14:17 **** Incremental Build of configuration Debug for project 44_PWM ****
make -j12 all 
arm-none-eabi-size  44_PWM.elf 
   text	   data	    bss	    dec	    hex	filename
    996	      0	   1568	   2564	    a04	44_PWM.elf
Finished building: default.size.stdout
 
17:14:49 **** Incremental Build of configuration Debug for project 44_PWM ****
make -j12 all 
arm-none-eabi-size  44_PWM.elf 
   text	   data	    bss	    dec	    hex	filename
    996	      0	   1568	   2564	    a04	44_PWM.elf
Finished building: default.size.stdout
 
17:15:50 **** Incremental Build of configuration Debug for project 44_PWM ****
make -j12 all 
arm-none-eabi-size  44_PWM.elf 
   text	   data	    bss	    dec	    hex	filename
    996	      0	   1568	   2564	    a04	44_PWM.elf
Finished building: default.size.stdout
 
17:16:45 **** Incremental Build of configuration Debug for project 44_PWM ****
make -j12 all 
arm-none-eabi-size  44_PWM.elf 
   text	   data	    bss	    dec	    hex	filename
    996	      0	   1568	   2564	    a04	44_PWM.elf
Finished building: default.size.stdout
 
17:18:18 **** Incremental Build of configuration Debug for project 44_PWM ****
make -j12 all 
arm-none-eabi-size  44_PWM.elf 
   text	   data	    bss	    dec	    hex	filename
    996	      0	   1568	   2564	    a04	44_PWM.elf
Finished building: default.size.stdout
 
17:29:30 **** Incremental Build of configuration Debug for project 44_PWM ****
make -j12 all 
arm-none-eabi-size  44_PWM.elf 
   text	   data	    bss	    dec	    hex	filename
    996	      0	   1568	   2564	    a04	44_PWM.elf
Finished building: default.size.stdout
 
17:32:27 **** Incremental Build of configuration Debug for project 44_PWM ****
make -j12 all 
arm-none-eabi-size  44_PWM.elf 
   text	   data	    bss	    dec	    hex	filename
    996	      0	   1568	   2564	    a04	44_PWM.elf
Finished building: default.size.stdout
 
17:33:18 **** Incremental Build of configuration Debug for project 44_PWM ****
make -j12 all 
arm-none-eabi-gcc "../Src/main.c" -mcpu=cortex-m4 -std=gnu11 -g3 -DDEBUG -DSTM32F410RBTx -DSTM32 -DNUCLEO_F410RB -DSTM32F4 -c -I../Inc -O0 -ffunction-sections -fdata-sections -Wall -fstack-usage -fcyclomatic-complexity -MMD -MP -MF"Src/main.d" -MT"Src/main.o" --specs=nano.specs -mfpu=fpv4-sp-d16 -mfloat-abi=hard -mthumb -o "Src/main.o"
In file included from ../Src/main.c:1:
../Inc/stm32f410rb.h:7:1: warning: "/*" within comment [-Wcomment]
    7 | /*1. Definicion de registros usando struct
../Inc/stm32f410rb.h:8:1: warning: "/*" within comment [-Wcomment]
    8 | /*=====================================================================*/
../Inc/stm32f410rb.h:87:1: warning: "/*" within comment [-Wcomment]
   87 | /*2. Direcciones base de memorias y buses (STM32F410RB)
../Inc/stm32f410rb.h:88:1: warning: "/*" within comment [-Wcomment]
   88 | /*=====================================================================*/
../Inc/stm32f410rb.h:100:1: warning: "/*" within comment [-Wcomment]
  100 | /*3. Casteo a punteros
../Inc/stm32f410rb.h:101:1: warning: "/*" within comment [-Wcomment]
  101 | /*=====================================================================*/
In file included from ../Inc/gpio.h:4,
                 from ../Src/main.c:2:
../Inc/stm32f410rb.h:7:1: warning: "/*" within comment [-Wcomment]
    7 | /*1. Definicion de registros usando struct
../Inc/stm32f410rb.h:8:1: warning: "/*" within comment [-Wcomment]
    8 | /*=====================================================================*/
../Inc/stm32f410rb.h:87:1: warning: "/*" within comment [-Wcomment]
   87 | /*2. Direcciones base de memorias y buses (STM32F410RB)
../Inc/stm32f410rb.h:88:1: warning: "/*" within comment [-Wcomment]
   88 | /*=====================================================================*/
../Inc/stm32f410rb.h:100:1: warning: "/*" within comment [-Wcomment]
  100 | /*3. Casteo a punteros
../Inc/stm32f410rb.h:101:1: warning: "/*" within comment [-Wcomment]
  101 | /*=====================================================================*/
arm-none-eabi-gcc -o "44_PWM.elf" @"objects.list"   -mcpu=cortex-m4 -T"D:\Embedded\STM32Bare\Module4\4.4PWM\STM32F410RBTX_FLASH.ld" --specs=nosys.specs -Wl,-Map="44_PWM.map" -Wl,--gc-sections -static --specs=nano.specs -mfpu=fpv4-sp-d16 -mfloat-abi=hard -mthumb -Wl,--start-group -lc -lm -Wl,--end-group
Finished building target: 44_PWM.elf
 
arm-none-eabi-size  44_PWM.elf 
arm-none-eabi-objdump -h -S 44_PWM.elf  > "44_PWM.list"
   text	   data	    bss	    dec	    hex	filename
    996	      0	   1568	   2564	    a04	44_PWM.elf
Finished building: default.size.stdout
 
Finished building: 44_PWM.list
 
17:35:02 **** Incremental Build of configuration Debug for project 44_PWM ****
make -j12 all 
arm-none-eabi-size  44_PWM.elf 
   text	   data	    bss	    dec	    hex	filename
    996	      0	   1568	   2564	    a04	44_PWM.elf
Finished building: default.size.stdout
 
17:41:13 **** Incremental Build of configuration Debug for project 44_PWM ****
make -j12 all 
arm-none-eabi-gcc "../Src/gpio.c" -mcpu=cortex-m4 -std=gnu11 -g3 -DDEBUG -DSTM32F410RBTx -DSTM32 -DNUCLEO_F410RB -DSTM32F4 -c -I../Inc -O0 -ffunction-sections -fdata-sections -Wall -fstack-usage -fcyclomatic-complexity -MMD -MP -MF"Src/gpio.d" -MT"Src/gpio.o" --specs=nano.specs -mfpu=fpv4-sp-d16 -mfloat-abi=hard -mthumb -o "Src/gpio.o"
arm-none-eabi-gcc "../Src/main.c" -mcpu=cortex-m4 -std=gnu11 -g3 -DDEBUG -DSTM32F410RBTx -DSTM32 -DNUCLEO_F410RB -DSTM32F4 -c -I../Inc -O0 -ffunction-sections -fdata-sections -Wall -fstack-usage -fcyclomatic-complexity -MMD -MP -MF"Src/main.d" -MT"Src/main.o" --specs=nano.specs -mfpu=fpv4-sp-d16 -mfloat-abi=hard -mthumb -o "Src/main.o"
arm-none-eabi-gcc "../Src/timer.c" -mcpu=cortex-m4 -std=gnu11 -g3 -DDEBUG -DSTM32F410RBTx -DSTM32 -DNUCLEO_F410RB -DSTM32F4 -c -I../Inc -O0 -ffunction-sections -fdata-sections -Wall -fstack-usage -fcyclomatic-complexity -MMD -MP -MF"Src/timer.d" -MT"Src/timer.o" --specs=nano.specs -mfpu=fpv4-sp-d16 -mfloat-abi=hard -mthumb -o "Src/timer.o"
In file included from ../Src/main.c:1:
../Inc/stm32f410rb.h:8:1: warning: "/*" within comment [-Wcomment]
    8 | /*=====================================================================*/
../Inc/stm32f410rb.h:87:1: warning: "/*" within comment [-Wcomment]
   87 | /*2. Direcciones base de memorias y buses (STM32F410RB)
../Inc/stm32f410rb.h:88:1: warning: "/*" within comment [-Wcomment]
   88 | /*=====================================================================*/
../Inc/stm32f410rb.h:100:1: warning: "/*" within comment [-Wcomment]
  100 | /*3. Casteo a punteros
../Inc/stm32f410rb.h:101:1: warning: "/*" within comment [-Wcomment]
  101 | /*=====================================================================*/
In file included from ../Inc/timer.h:4,
                 from ../Src/timer.c:1:
../Inc/stm32f410rb.h:8:1: warning: "/*" within comment [-Wcomment]
    8 | /*=====================================================================*/
In file included from ../Inc/gpio.h:4,
                 from ../Src/gpio.c:1:
../Inc/stm32f410rb.h:8:1: warning: "/*" within comment [-Wcomment]
    8 | /*=====================================================================*/
../Inc/stm32f410rb.h:87:1: warning: "/*" within comment [-Wcomment]
   87 | /*2. Direcciones base de memorias y buses (STM32F410RB)
../Inc/stm32f410rb.h:87:1: warning: "/*" within comment [-Wcomment]
   87 | /*2. Direcciones base de memorias y buses (STM32F410RB)
In file included from ../Inc/gpio.h:4,
                 from ../Src/main.c:2:
../Inc/stm32f410rb.h:8:1: warning: "/*" within comment [-Wcomment]
    8 | /*=====================================================================*/
../Inc/stm32f410rb.h:88:1: warning: "/*" within comment [-Wcomment]
   88 | /*=====================================================================*/
../Inc/stm32f410rb.h:88:1: warning: "/*" within comment [-Wcomment]
   88 | /*=====================================================================*/
../Inc/stm32f410rb.h:100:1: warning: "/*" within comment [-Wcomment]
  100 | /*3. Casteo a punteros
../Inc/stm32f410rb.h:87:1: warning: "/*" within comment [-Wcomment]
   87 | /*2. Direcciones base de memorias y buses (STM32F410RB)
../Inc/stm32f410rb.h:100:1: warning: "/*" within comment [-Wcomment]
  100 | /*3. Casteo a punteros
../Inc/stm32f410rb.h:101:1: warning: "/*" within comment [-Wcomment]
  101 | /*=====================================================================*/
../Inc/stm32f410rb.h:101:1: warning: "/*" within comment [-Wcomment]
  101 | /*=====================================================================*/
../Inc/stm32f410rb.h:88:1: warning: "/*" within comment [-Wcomment]
   88 | /*=====================================================================*/
../Inc/stm32f410rb.h:100:1: warning: "/*" within comment [-Wcomment]
  100 | /*3. Casteo a punteros
../Inc/stm32f410rb.h:101:1: warning: "/*" within comment [-Wcomment]
  101 | /*=====================================================================*/
arm-none-eabi-gcc -o "44_PWM.elf" @"objects.list"   -mcpu=cortex-m4 -T"D:\Embedded\STM32Bare\Module4\4.4PWM\STM32F410RBTX_FLASH.ld" --specs=nosys.specs -Wl,-Map="44_PWM.map" -Wl,--gc-sections -static --specs=nano.specs -mfpu=fpv4-sp-d16 -mfloat-abi=hard -mthumb -Wl,--start-group -lc -lm -Wl,--end-group
Finished building target: 44_PWM.elf
 
arm-none-eabi-size  44_PWM.elf 
arm-none-eabi-objdump -h -S 44_PWM.elf  > "44_PWM.list"
   text	   data	    bss	    dec	    hex	filename
    996	      0	   1568	   2564	    a04	44_PWM.elf
Finished building: default.size.stdout
 
Finished building: 44_PWM.list
 
17:43:01 **** Incremental Build of configuration Debug for project 44_PWM ****
make -j12 all 
arm-none-eabi-size  44_PWM.elf 
   text	   data	    bss	    dec	    hex	filename
    996	      0	   1568	   2564	    a04	44_PWM.elf
Finished building: default.size.stdout
 
17:44:14 **** Incremental Build of configuration Debug for project 44_PWM ****
make -j12 all 
arm-none-eabi-size  44_PWM.elf 
   text	   data	    bss	    dec	    hex	filename
    996	      0	   1568	   2564	    a04	44_PWM.elf
Finished building: default.size.stdout
 
17:48:18 **** Incremental Build of configuration Debug for project 44_PWM ****
make -j12 all 
arm-none-eabi-size  44_PWM.elf 
   text	   data	    bss	    dec	    hex	filename
    996	      0	   1568	   2564	    a04	44_PWM.elf
Finished building: default.size.stdout
 
17:49:11 **** Incremental Build of configuration Debug for project 44_PWM ****
make -j12 all 
arm-none-eabi-size  44_PWM.elf 
   text	   data	    bss	    dec	    hex	filename
    996	      0	   1568	   2564	    a04	44_PWM.elf
Finished building: default.size.stdout
 
17:50:04 **** Incremental Build of configuration Debug for project 44_PWM ****
make -j12 all 
arm-none-eabi-size  44_PWM.elf 
   text	   data	    bss	    dec	    hex	filename
    996	      0	   1568	   2564	    a04	44_PWM.elf
Finished building: default.size.stdout
 
17:58:25 **** Incremental Build of configuration Debug for project 44_PWM ****
make -j12 all 
arm-none-eabi-gcc "../Src/main.c" -mcpu=cortex-m4 -std=gnu11 -g3 -DDEBUG -DSTM32F410RBTx -DSTM32 -DNUCLEO_F410RB -DSTM32F4 -c -I../Inc -O0 -ffunction-sections -fdata-sections -Wall -fstack-usage -fcyclomatic-complexity -MMD -MP -MF"Src/main.d" -MT"Src/main.o" --specs=nano.specs -mfpu=fpv4-sp-d16 -mfloat-abi=hard -mthumb -o "Src/main.o"
In file included from ../Src/main.c:1:
../Inc/stm32f410rb.h:8:1: warning: "/*" within comment [-Wcomment]
    8 | /*=====================================================================*/
../Inc/stm32f410rb.h:87:1: warning: "/*" within comment [-Wcomment]
   87 | /*2. Direcciones base de memorias y buses (STM32F410RB)
../Inc/stm32f410rb.h:88:1: warning: "/*" within comment [-Wcomment]
   88 | /*=====================================================================*/
../Inc/stm32f410rb.h:100:1: warning: "/*" within comment [-Wcomment]
  100 | /*3. Casteo a punteros
../Inc/stm32f410rb.h:101:1: warning: "/*" within comment [-Wcomment]
  101 | /*=====================================================================*/
In file included from ../Inc/gpio.h:4,
                 from ../Src/main.c:2:
../Inc/stm32f410rb.h:8:1: warning: "/*" within comment [-Wcomment]
    8 | /*=====================================================================*/
../Inc/stm32f410rb.h:87:1: warning: "/*" within comment [-Wcomment]
   87 | /*2. Direcciones base de memorias y buses (STM32F410RB)
../Inc/stm32f410rb.h:88:1: warning: "/*" within comment [-Wcomment]
   88 | /*=====================================================================*/
../Inc/stm32f410rb.h:100:1: warning: "/*" within comment [-Wcomment]
  100 | /*3. Casteo a punteros
../Inc/stm32f410rb.h:101:1: warning: "/*" within comment [-Wcomment]
  101 | /*=====================================================================*/
arm-none-eabi-gcc -o "44_PWM.elf" @"objects.list"   -mcpu=cortex-m4 -T"D:\Embedded\STM32Bare\Module4\4.4PWM\STM32F410RBTX_FLASH.ld" --specs=nosys.specs -Wl,-Map="44_PWM.map" -Wl,--gc-sections -static --specs=nano.specs -mfpu=fpv4-sp-d16 -mfloat-abi=hard -mthumb -Wl,--start-group -lc -lm -Wl,--end-group
Finished building target: 44_PWM.elf
 
arm-none-eabi-size  44_PWM.elf 
arm-none-eabi-objdump -h -S 44_PWM.elf  > "44_PWM.list"
   text	   data	    bss	    dec	    hex	filename
    996	      0	   1568	   2564	    a04	44_PWM.elf
Finished building: default.size.stdout
 
Finished building: 44_PWM.list
 
18:00:00 **** Incremental Build of configuration Debug for project 44_PWM ****
make -j12 all 
arm-none-eabi-gcc "../Src/main.c" -mcpu=cortex-m4 -std=gnu11 -g3 -DDEBUG -DSTM32F410RBTx -DSTM32 -DNUCLEO_F410RB -DSTM32F4 -c -I../Inc -O0 -ffunction-sections -fdata-sections -Wall -fstack-usage -fcyclomatic-complexity -MMD -MP -MF"Src/main.d" -MT"Src/main.o" --specs=nano.specs -mfpu=fpv4-sp-d16 -mfloat-abi=hard -mthumb -o "Src/main.o"
In file included from ../Src/main.c:1:
../Inc/stm32f410rb.h:8:1: warning: "/*" within comment [-Wcomment]
    8 | /*=====================================================================*/
../Inc/stm32f410rb.h:87:1: warning: "/*" within comment [-Wcomment]
   87 | /*2. Direcciones base de memorias y buses (STM32F410RB)
../Inc/stm32f410rb.h:88:1: warning: "/*" within comment [-Wcomment]
   88 | /*=====================================================================*/
../Inc/stm32f410rb.h:100:1: warning: "/*" within comment [-Wcomment]
  100 | /*3. Casteo a punteros
../Inc/stm32f410rb.h:101:1: warning: "/*" within comment [-Wcomment]
  101 | /*=====================================================================*/
In file included from ../Inc/gpio.h:4,
                 from ../Src/main.c:2:
../Inc/stm32f410rb.h:8:1: warning: "/*" within comment [-Wcomment]
    8 | /*=====================================================================*/
../Inc/stm32f410rb.h:87:1: warning: "/*" within comment [-Wcomment]
   87 | /*2. Direcciones base de memorias y buses (STM32F410RB)
../Inc/stm32f410rb.h:88:1: warning: "/*" within comment [-Wcomment]
   88 | /*=====================================================================*/
../Inc/stm32f410rb.h:100:1: warning: "/*" within comment [-Wcomment]
  100 | /*3. Casteo a punteros
../Inc/stm32f410rb.h:101:1: warning: "/*" within comment [-Wcomment]
  101 | /*=====================================================================*/
arm-none-eabi-gcc -o "44_PWM.elf" @"objects.list"   -mcpu=cortex-m4 -T"D:\Embedded\STM32Bare\Module4\4.4PWM\STM32F410RBTX_FLASH.ld" --specs=nosys.specs -Wl,-Map="44_PWM.map" -Wl,--gc-sections -static --specs=nano.specs -mfpu=fpv4-sp-d16 -mfloat-abi=hard -mthumb -Wl,--start-group -lc -lm -Wl,--end-group
Finished building target: 44_PWM.elf
 
arm-none-eabi-size  44_PWM.elf 
arm-none-eabi-objdump -h -S 44_PWM.elf  > "44_PWM.list"
   text	   data	    bss	    dec	    hex	filename
    996	      0	   1568	   2564	    a04	44_PWM.elf
Finished building: default.size.stdout
 
Finished building: 44_PWM.list
 
18:02:56 **** Incremental Build of configuration Debug for project 44_PWM ****
make -j12 all 
arm-none-eabi-size  44_PWM.elf 
   text	   data	    bss	    dec	    hex	filename
    996	      0	   1568	   2564	    a04	44_PWM.elf
Finished building: default.size.stdout
 
18:07:23 **** Incremental Build of configuration Debug for project 44_PWM ****
make -j12 all 
arm-none-eabi-gcc "../Src/main.c" -mcpu=cortex-m4 -std=gnu11 -g3 -DDEBUG -DSTM32F410RBTx -DSTM32 -DNUCLEO_F410RB -DSTM32F4 -c -I../Inc -O0 -ffunction-sections -fdata-sections -Wall -fstack-usage -fcyclomatic-complexity -MMD -MP -MF"Src/main.d" -MT"Src/main.o" --specs=nano.specs -mfpu=fpv4-sp-d16 -mfloat-abi=hard -mthumb -o "Src/main.o"
In file included from ../Src/main.c:1:
../Inc/stm32f410rb.h:8:1: warning: "/*" within comment [-Wcomment]
    8 | /*=====================================================================*/
../Inc/stm32f410rb.h:87:1: warning: "/*" within comment [-Wcomment]
   87 | /*2. Direcciones base de memorias y buses (STM32F410RB)
../Inc/stm32f410rb.h:88:1: warning: "/*" within comment [-Wcomment]
   88 | /*=====================================================================*/
../Inc/stm32f410rb.h:100:1: warning: "/*" within comment [-Wcomment]
  100 | /*3. Casteo a punteros
../Inc/stm32f410rb.h:101:1: warning: "/*" within comment [-Wcomment]
  101 | /*=====================================================================*/
In file included from ../Inc/gpio.h:4,
                 from ../Src/main.c:2:
../Inc/stm32f410rb.h:8:1: warning: "/*" within comment [-Wcomment]
    8 | /*=====================================================================*/
../Inc/stm32f410rb.h:87:1: warning: "/*" within comment [-Wcomment]
   87 | /*2. Direcciones base de memorias y buses (STM32F410RB)
../Inc/stm32f410rb.h:88:1: warning: "/*" within comment [-Wcomment]
   88 | /*=====================================================================*/
../Inc/stm32f410rb.h:100:1: warning: "/*" within comment [-Wcomment]
  100 | /*3. Casteo a punteros
../Inc/stm32f410rb.h:101:1: warning: "/*" within comment [-Wcomment]
  101 | /*=====================================================================*/
arm-none-eabi-gcc -o "44_PWM.elf" @"objects.list"   -mcpu=cortex-m4 -T"D:\Embedded\STM32Bare\Module4\4.4PWM\STM32F410RBTX_FLASH.ld" --specs=nosys.specs -Wl,-Map="44_PWM.map" -Wl,--gc-sections -static --specs=nano.specs -mfpu=fpv4-sp-d16 -mfloat-abi=hard -mthumb -Wl,--start-group -lc -lm -Wl,--end-group
Finished building target: 44_PWM.elf
 
arm-none-eabi-size  44_PWM.elf 
arm-none-eabi-objdump -h -S 44_PWM.elf  > "44_PWM.list"
   text	   data	    bss	    dec	    hex	filename
    996	      0	   1568	   2564	    a04	44_PWM.elf
Finished building: default.size.stdout
 
Finished building: 44_PWM.list
 
14:59:16 **** Build of configuration Debug for project 52ADCconfiguration ****
make -j12 all 
arm-none-eabi-gcc -mcpu=cortex-m4 -g3 -DDEBUG -c -x assembler-with-cpp -MMD -MP -MF"Startup/startup_stm32f410rbtx.d" -MT"Startup/startup_stm32f410rbtx.o" --specs=nano.specs -mfpu=fpv4-sp-d16 -mfloat-abi=hard -mthumb -o "Startup/startup_stm32f410rbtx.o" "../Startup/startup_stm32f410rbtx.s"
arm-none-eabi-gcc "../Src/adc.c" -mcpu=cortex-m4 -std=gnu11 -g3 -DDEBUG -DSTM32F410RBTx -DSTM32 -DNUCLEO_F410RB -DSTM32F4 -c -I../Inc -O0 -ffunction-sections -fdata-sections -Wall -fstack-usage -fcyclomatic-complexity -MMD -MP -MF"Src/adc.d" -MT"Src/adc.o" --specs=nano.specs -mfpu=fpv4-sp-d16 -mfloat-abi=hard -mthumb -o "Src/adc.o"
arm-none-eabi-gcc "../Src/gpio.c" -mcpu=cortex-m4 -std=gnu11 -g3 -DDEBUG -DSTM32F410RBTx -DSTM32 -DNUCLEO_F410RB -DSTM32F4 -c -I../Inc -O0 -ffunction-sections -fdata-sections -Wall -fstack-usage -fcyclomatic-complexity -MMD -MP -MF"Src/gpio.d" -MT"Src/gpio.o" --specs=nano.specs -mfpu=fpv4-sp-d16 -mfloat-abi=hard -mthumb -o "Src/gpio.o"
arm-none-eabi-gcc "../Src/main.c" -mcpu=cortex-m4 -std=gnu11 -g3 -DDEBUG -DSTM32F410RBTx -DSTM32 -DNUCLEO_F410RB -DSTM32F4 -c -I../Inc -O0 -ffunction-sections -fdata-sections -Wall -fstack-usage -fcyclomatic-complexity -MMD -MP -MF"Src/main.d" -MT"Src/main.o" --specs=nano.specs -mfpu=fpv4-sp-d16 -mfloat-abi=hard -mthumb -o "Src/main.o"
arm-none-eabi-gcc "../Src/syscalls.c" -mcpu=cortex-m4 -std=gnu11 -g3 -DDEBUG -DSTM32F410RBTx -DSTM32 -DNUCLEO_F410RB -DSTM32F4 -c -I../Inc -O0 -ffunction-sections -fdata-sections -Wall -fstack-usage -fcyclomatic-complexity -MMD -MP -MF"Src/syscalls.d" -MT"Src/syscalls.o" --specs=nano.specs -mfpu=fpv4-sp-d16 -mfloat-abi=hard -mthumb -o "Src/syscalls.o"
arm-none-eabi-gcc "../Src/sysmem.c" -mcpu=cortex-m4 -std=gnu11 -g3 -DDEBUG -DSTM32F410RBTx -DSTM32 -DNUCLEO_F410RB -DSTM32F4 -c -I../Inc -O0 -ffunction-sections -fdata-sections -Wall -fstack-usage -fcyclomatic-complexity -MMD -MP -MF"Src/sysmem.d" -MT"Src/sysmem.o" --specs=nano.specs -mfpu=fpv4-sp-d16 -mfloat-abi=hard -mthumb -o "Src/sysmem.o"
arm-none-eabi-gcc "../Src/systick.c" -mcpu=cortex-m4 -std=gnu11 -g3 -DDEBUG -DSTM32F410RBTx -DSTM32 -DNUCLEO_F410RB -DSTM32F4 -c -I../Inc -O0 -ffunction-sections -fdata-sections -Wall -fstack-usage -fcyclomatic-complexity -MMD -MP -MF"Src/systick.d" -MT"Src/systick.o" --specs=nano.specs -mfpu=fpv4-sp-d16 -mfloat-abi=hard -mthumb -o "Src/systick.o"
In file included from ../Inc/systick.h:4,
                 from ../Src/systick.c:1:
../Inc/stm32f410rb.h:8:1: warning: "/*" within comment [-Wcomment]
    8 | /*=====================================================================*/
In file included from ../Inc/adc.h:4,
                 from ../Src/adc.c:1:
../Inc/stm32f410rb.h:8:1: warning: "/*" within comment [-Wcomment]
    8 | /*=====================================================================*/
In file included from ../Inc/gpio.h:4,
                 from ../Src/main.c:1:
../Inc/stm32f410rb.h:8:1: warning: "/*" within comment [-Wcomment]
    8 | /*=====================================================================*/
In file included from ../Inc/gpio.h:4,
                 from ../Src/gpio.c:1:
../Inc/stm32f410rb.h:8:1: warning: "/*" within comment [-Wcomment]
    8 | /*=====================================================================*/
../Inc/stm32f410rb.h:126:1: warning: "/*" within comment [-Wcomment]
  126 | /*2. Direcciones base de memorias y buses (STM32F410RB)
../Inc/stm32f410rb.h:126:1: warning: "/*" within comment [-Wcomment]
  126 | /*2. Direcciones base de memorias y buses (STM32F410RB)
../Inc/stm32f410rb.h:127:1: warning: "/*" within comment [-Wcomment]
  127 | /*=====================================================================*/
../Inc/stm32f410rb.h:127:1: warning: "/*" within comment [-Wcomment]
  127 | /*=====================================================================*/
../Inc/stm32f410rb.h:126:1: warning: "/*" within comment [-Wcomment]
  126 | /*2. Direcciones base de memorias y buses (STM32F410RB)
../Inc/stm32f410rb.h:126:1: warning: "/*" within comment [-Wcomment]
  126 | /*2. Direcciones base de memorias y buses (STM32F410RB)
../Inc/stm32f410rb.h:142:1: warning: "/*" within comment [-Wcomment]
  142 | /*3. Casteo a punteros
../Inc/stm32f410rb.h:142:1: warning: "/*" within comment [-Wcomment]
  142 | /*3. Casteo a punteros
../Inc/stm32f410rb.h:127:1: warning: "/*" within comment [-Wcomment]
  127 | /*=====================================================================*/
../Inc/stm32f410rb.h:143:1: warning: "/*" within comment [-Wcomment]
  143 | /*=====================================================================*/
../Inc/stm32f410rb.h:127:1: warning: "/*" within comment [-Wcomment]
  127 | /*=====================================================================*/
../Inc/stm32f410rb.h:143:1: warning: "/*" within comment [-Wcomment]
  143 | /*=====================================================================*/
../Inc/stm32f410rb.h:142:1: warning: "/*" within comment [-Wcomment]
  142 | /*3. Casteo a punteros
../Inc/stm32f410rb.h:142:1: warning: "/*" within comment [-Wcomment]
  142 | /*3. Casteo a punteros
../Src/adc.c: In function 'adc_read_single':
../Inc/stm32f410rb.h:143:1: warning: "/*" within comment [-Wcomment]
  143 | /*=====================================================================*/
../Inc/stm32f410rb.h:143:1: warning: "/*" within comment [-Wcomment]
  143 | /*=====================================================================*/
../Src/adc.c:37:27: error: 'ADC1' undeclared (first use in this function); did you mean 'ADC'?
   37 |         return (uint16_t)(ADC1->DR);
      |                           ^~~~
      |                           ADC
../Src/adc.c:37:27: note: each undeclared identifier is reported only once for each function it appears in
../Src/adc.c:38:1: warning: control reaches end of non-void function [-Wreturn-type]
   38 | }
      | ^
../Src/main.c: In function 'main':
../Src/main.c:9:9: error: implicit declaration of function 'systick_init' [-Wimplicit-function-declaration]
    9 |         systick_init();
      |         ^~~~~~~~~~~~
../Src/main.c:11:37: error: implicit declaration of function 'get_systick_ms' [-Wimplicit-function-declaration]
   11 |         uint32_t last_sample_time = get_systick_ms();
      |                                     ^~~~~~~~~~~~~~
../Src/main.c:16:34: warning: unused variable 'my_sensor_value' [-Wunused-variable]
   16 |                         uint16_t my_sensor_value = adc_read_single();
      |                                  ^~~~~~~~~~~~~~~
make: *** [Src/subdir.mk:34: Src/adc.o] Error 1
make: *** Waiting for unfinished jobs....
make: *** [Src/subdir.mk:34: Src/main.o] Error 1
"make -j12 all" terminated with exit code 2. Build might be incomplete.
15:00:28 **** Incremental Build of configuration Debug for project 52ADCconfiguration ****
make -j12 all 
arm-none-eabi-gcc "../Src/adc.c" -mcpu=cortex-m4 -std=gnu11 -g3 -DDEBUG -DSTM32F410RBTx -DSTM32 -DNUCLEO_F410RB -DSTM32F4 -c -I../Inc -O0 -ffunction-sections -fdata-sections -Wall -fstack-usage -fcyclomatic-complexity -MMD -MP -MF"Src/adc.d" -MT"Src/adc.o" --specs=nano.specs -mfpu=fpv4-sp-d16 -mfloat-abi=hard -mthumb -o "Src/adc.o"
arm-none-eabi-gcc "../Src/main.c" -mcpu=cortex-m4 -std=gnu11 -g3 -DDEBUG -DSTM32F410RBTx -DSTM32 -DNUCLEO_F410RB -DSTM32F4 -c -I../Inc -O0 -ffunction-sections -fdata-sections -Wall -fstack-usage -fcyclomatic-complexity -MMD -MP -MF"Src/main.d" -MT"Src/main.o" --specs=nano.specs -mfpu=fpv4-sp-d16 -mfloat-abi=hard -mthumb -o "Src/main.o"
arm-none-eabi-gcc "../Src/systick.c" -mcpu=cortex-m4 -std=gnu11 -g3 -DDEBUG -DSTM32F410RBTx -DSTM32 -DNUCLEO_F410RB -DSTM32F4 -c -I../Inc -O0 -ffunction-sections -fdata-sections -Wall -fstack-usage -fcyclomatic-complexity -MMD -MP -MF"Src/systick.d" -MT"Src/systick.o" --specs=nano.specs -mfpu=fpv4-sp-d16 -mfloat-abi=hard -mthumb -o "Src/systick.o"
In file included from ../Inc/gpio.h:4,
                 from ../Src/main.c:1:
../Inc/stm32f410rb.h:8:1: warning: "/*" within comment [-Wcomment]
    8 | /*=====================================================================*/
In file included from ../Inc/adc.h:4,
                 from ../Src/adc.c:1:
../Inc/stm32f410rb.h:8:1: warning: "/*" within comment [-Wcomment]
    8 | /*=====================================================================*/
../Inc/stm32f410rb.h:126:1: warning: "/*" within comment [-Wcomment]
  126 | /*2. Direcciones base de memorias y buses (STM32F410RB)
../Inc/stm32f410rb.h:127:1: warning: "/*" within comment [-Wcomment]
  127 | /*=====================================================================*/
../Inc/stm32f410rb.h:142:1: warning: "/*" within comment [-Wcomment]
  142 | /*3. Casteo a punteros
../Inc/stm32f410rb.h:126:1: warning: "/*" within comment [-Wcomment]
  126 | /*2. Direcciones base de memorias y buses (STM32F410RB)
../Inc/stm32f410rb.h:143:1: warning: "/*" within comment [-Wcomment]
  143 | /*=====================================================================*/
../Inc/stm32f410rb.h:127:1: warning: "/*" within comment [-Wcomment]
  127 | /*=====================================================================*/
../Inc/stm32f410rb.h:142:1: warning: "/*" within comment [-Wcomment]
  142 | /*3. Casteo a punteros
../Src/main.c: In function 'main':
../Inc/stm32f410rb.h:143:1: warning: "/*" within comment [-Wcomment]
  143 | /*=====================================================================*/
../Src/main.c:9:9: error: implicit declaration of function 'systick_init' [-Wimplicit-function-declaration]
    9 |         systick_init();
      |         ^~~~~~~~~~~~
../Src/main.c:11:37: error: implicit declaration of function 'get_systick_ms' [-Wimplicit-function-declaration]
   11 |         uint32_t last_sample_time = get_systick_ms();
      |                                     ^~~~~~~~~~~~~~
../Src/adc.c: In function 'adc_read_single':
../Src/main.c:16:34: warning: unused variable 'my_sensor_value' [-Wunused-variable]
   16 |                         uint16_t my_sensor_value = adc_read_single();
      |                                  ^~~~~~~~~~~~~~~
../Src/adc.c:37:27: error: 'ADC1' undeclared (first use in this function); did you mean 'ADC'?
   37 |         return (uint16_t)(ADC1->DR);
      |                           ^~~~
      |                           ADC
../Src/adc.c:37:27: note: each undeclared identifier is reported only once for each function it appears in
../Src/adc.c:38:1: warning: control reaches end of non-void function [-Wreturn-type]
   38 | }
      | ^
make: *** [Src/subdir.mk:34: Src/main.o] Error 1
make: *** Waiting for unfinished jobs....
make: *** [Src/subdir.mk:34: Src/adc.o] Error 1
In file included from ../Inc/systick.h:4,
                 from ../Src/systick.c:1:
../Inc/stm32f410rb.h:8:1: warning: "/*" within comment [-Wcomment]
    8 | /*=====================================================================*/
../Inc/stm32f410rb.h:126:1: warning: "/*" within comment [-Wcomment]
  126 | /*2. Direcciones base de memorias y buses (STM32F410RB)
../Inc/stm32f410rb.h:127:1: warning: "/*" within comment [-Wcomment]
  127 | /*=====================================================================*/
../Inc/stm32f410rb.h:142:1: warning: "/*" within comment [-Wcomment]
  142 | /*3. Casteo a punteros
../Inc/stm32f410rb.h:143:1: warning: "/*" within comment [-Wcomment]
  143 | /*=====================================================================*/
"make -j12 all" terminated with exit code 2. Build might be incomplete.
15:01:38 **** Incremental Build of configuration Debug for project 52ADCconfiguration ****
make -j12 all 
arm-none-eabi-gcc "../Src/adc.c" -mcpu=cortex-m4 -std=gnu11 -g3 -DDEBUG -DSTM32F410RBTx -DSTM32 -DNUCLEO_F410RB -DSTM32F4 -c -I../Inc -O0 -ffunction-sections -fdata-sections -Wall -fstack-usage -fcyclomatic-complexity -MMD -MP -MF"Src/adc.d" -MT"Src/adc.o" --specs=nano.specs -mfpu=fpv4-sp-d16 -mfloat-abi=hard -mthumb -o "Src/adc.o"
arm-none-eabi-gcc "../Src/main.c" -mcpu=cortex-m4 -std=gnu11 -g3 -DDEBUG -DSTM32F410RBTx -DSTM32 -DNUCLEO_F410RB -DSTM32F4 -c -I../Inc -O0 -ffunction-sections -fdata-sections -Wall -fstack-usage -fcyclomatic-complexity -MMD -MP -MF"Src/main.d" -MT"Src/main.o" --specs=nano.specs -mfpu=fpv4-sp-d16 -mfloat-abi=hard -mthumb -o "Src/main.o"
In file included from ../Inc/gpio.h:4,
                 from ../Src/main.c:1:
../Inc/stm32f410rb.h:8:1: warning: "/*" within comment [-Wcomment]
    8 | /*=====================================================================*/
../Inc/stm32f410rb.h:126:1: warning: "/*" within comment [-Wcomment]
  126 | /*2. Direcciones base de memorias y buses (STM32F410RB)
../Inc/stm32f410rb.h:127:1: warning: "/*" within comment [-Wcomment]
  127 | /*=====================================================================*/
../Inc/stm32f410rb.h:142:1: warning: "/*" within comment [-Wcomment]
  142 | /*3. Casteo a punteros
../Inc/stm32f410rb.h:143:1: warning: "/*" within comment [-Wcomment]
  143 | /*=====================================================================*/
In file included from ../Inc/adc.h:4,
                 from ../Src/adc.c:1:
../Inc/stm32f410rb.h:8:1: warning: "/*" within comment [-Wcomment]
    8 | /*=====================================================================*/
../Inc/stm32f410rb.h:126:1: warning: "/*" within comment [-Wcomment]
  126 | /*2. Direcciones base de memorias y buses (STM32F410RB)
../Inc/stm32f410rb.h:127:1: warning: "/*" within comment [-Wcomment]
  127 | /*=====================================================================*/
../Inc/stm32f410rb.h:142:1: warning: "/*" within comment [-Wcomment]
  142 | /*3. Casteo a punteros
../Src/main.c: In function 'main':
../Inc/stm32f410rb.h:143:1: warning: "/*" within comment [-Wcomment]
  143 | /*=====================================================================*/
../Src/main.c:9:9: error: implicit declaration of function 'systick_init' [-Wimplicit-function-declaration]
    9 |         systick_init();
      |         ^~~~~~~~~~~~
../Src/main.c:11:37: error: implicit declaration of function 'get_systick_ms' [-Wimplicit-function-declaration]
   11 |         uint32_t last_sample_time = get_systick_ms();
      |                                     ^~~~~~~~~~~~~~
../Src/adc.c: In function 'adc_read_single':
../Src/adc.c:37:27: error: 'ADC1' undeclared (first use in this function); did you mean 'ADC'?
   37 |         return (uint16_t)(ADC1->DR);
      |                           ^~~~
      |                           ADC
../Src/adc.c:37:27: note: each undeclared identifier is reported only once for each function it appears in
../Src/main.c:16:34: warning: unused variable 'my_sensor_value' [-Wunused-variable]
   16 |                         uint16_t my_sensor_value = adc_read_single();
      |                                  ^~~~~~~~~~~~~~~
../Src/adc.c:38:1: warning: control reaches end of non-void function [-Wreturn-type]
   38 | }
      | ^
make: *** [Src/subdir.mk:34: Src/adc.o] Error 1
make: *** Waiting for unfinished jobs....
make: *** [Src/subdir.mk:34: Src/main.o] Error 1
"make -j12 all" terminated with exit code 2. Build might be incomplete.
15:02:17 **** Incremental Build of configuration Debug for project 52ADCconfiguration ****
make -j12 all 
arm-none-eabi-gcc "../Src/adc.c" -mcpu=cortex-m4 -std=gnu11 -g3 -DDEBUG -DSTM32F410RBTx -DSTM32 -DNUCLEO_F410RB -DSTM32F4 -c -I../Inc -O0 -ffunction-sections -fdata-sections -Wall -fstack-usage -fcyclomatic-complexity -MMD -MP -MF"Src/adc.d" -MT"Src/adc.o" --specs=nano.specs -mfpu=fpv4-sp-d16 -mfloat-abi=hard -mthumb -o "Src/adc.o"
arm-none-eabi-gcc "../Src/main.c" -mcpu=cortex-m4 -std=gnu11 -g3 -DDEBUG -DSTM32F410RBTx -DSTM32 -DNUCLEO_F410RB -DSTM32F4 -c -I../Inc -O0 -ffunction-sections -fdata-sections -Wall -fstack-usage -fcyclomatic-complexity -MMD -MP -MF"Src/main.d" -MT"Src/main.o" --specs=nano.specs -mfpu=fpv4-sp-d16 -mfloat-abi=hard -mthumb -o "Src/main.o"
In file included from ../Inc/gpio.h:4,
                 from ../Src/main.c:1:
../Inc/stm32f410rb.h:8:1: warning: "/*" within comment [-Wcomment]
    8 | /*=====================================================================*/
In file included from ../Inc/adc.h:4,
                 from ../Src/adc.c:1:
../Inc/stm32f410rb.h:8:1: warning: "/*" within comment [-Wcomment]
    8 | /*=====================================================================*/
../Inc/stm32f410rb.h:126:1: warning: "/*" within comment [-Wcomment]
  126 | /*2. Direcciones base de memorias y buses (STM32F410RB)
../Inc/stm32f410rb.h:126:1: warning: "/*" within comment [-Wcomment]
  126 | /*2. Direcciones base de memorias y buses (STM32F410RB)
../Inc/stm32f410rb.h:127:1: warning: "/*" within comment [-Wcomment]
  127 | /*=====================================================================*/
../Inc/stm32f410rb.h:127:1: warning: "/*" within comment [-Wcomment]
  127 | /*=====================================================================*/
../Inc/stm32f410rb.h:142:1: warning: "/*" within comment [-Wcomment]
  142 | /*3. Casteo a punteros
../Inc/stm32f410rb.h:143:1: warning: "/*" within comment [-Wcomment]
  143 | /*=====================================================================*/
../Inc/stm32f410rb.h:142:1: warning: "/*" within comment [-Wcomment]
  142 | /*3. Casteo a punteros
../Inc/stm32f410rb.h:143:1: warning: "/*" within comment [-Wcomment]
  143 | /*=====================================================================*/
../Src/main.c: In function 'main':
../Src/main.c:9:9: error: implicit declaration of function 'systick_init' [-Wimplicit-function-declaration]
    9 |         systick_init();
      |         ^~~~~~~~~~~~
../Src/main.c:11:37: error: implicit declaration of function 'get_systick_ms' [-Wimplicit-function-declaration]
   11 |         uint32_t last_sample_time = get_systick_ms();
      |                                     ^~~~~~~~~~~~~~
../Src/main.c:16:34: warning: unused variable 'my_sensor_value' [-Wunused-variable]
   16 |                         uint16_t my_sensor_value = adc_read_single();
      |                                  ^~~~~~~~~~~~~~~
../Src/adc.c: In function 'adc_read_single':
../Src/adc.c:37:27: error: 'ADC1' undeclared (first use in this function); did you mean 'ADC'?
   37 |         return (uint16_t)(ADC1->DR);
      |                           ^~~~
      |                           ADC
../Src/adc.c:37:27: note: each undeclared identifier is reported only once for each function it appears in
../Src/adc.c:38:1: warning: control reaches end of non-void function [-Wreturn-type]
   38 | }
      | ^
make: *** [Src/subdir.mk:34: Src/adc.o] Error 1
make: *** Waiting for unfinished jobs....
make: *** [Src/subdir.mk:34: Src/main.o] Error 1
"make -j12 all" terminated with exit code 2. Build might be incomplete.
15:03:28 **** Incremental Build of configuration Debug for project 52ADCconfiguration ****
make -j12 all 
arm-none-eabi-gcc "../Src/adc.c" -mcpu=cortex-m4 -std=gnu11 -g3 -DDEBUG -DSTM32F410RBTx -DSTM32 -DNUCLEO_F410RB -DSTM32F4 -c -I../Inc -O0 -ffunction-sections -fdata-sections -Wall -fstack-usage -fcyclomatic-complexity -MMD -MP -MF"Src/adc.d" -MT"Src/adc.o" --specs=nano.specs -mfpu=fpv4-sp-d16 -mfloat-abi=hard -mthumb -o "Src/adc.o"
arm-none-eabi-gcc "../Src/main.c" -mcpu=cortex-m4 -std=gnu11 -g3 -DDEBUG -DSTM32F410RBTx -DSTM32 -DNUCLEO_F410RB -DSTM32F4 -c -I../Inc -O0 -ffunction-sections -fdata-sections -Wall -fstack-usage -fcyclomatic-complexity -MMD -MP -MF"Src/main.d" -MT"Src/main.o" --specs=nano.specs -mfpu=fpv4-sp-d16 -mfloat-abi=hard -mthumb -o "Src/main.o"
In file included from ../Inc/adc.h:4,
                 from ../Src/adc.c:1:
../Inc/stm32f410rb.h:8:1: warning: "/*" within comment [-Wcomment]
    8 | /*=====================================================================*/
../Inc/stm32f410rb.h:126:1: warning: "/*" within comment [-Wcomment]
  126 | /*2. Direcciones base de memorias y buses (STM32F410RB)
../Inc/stm32f410rb.h:127:1: warning: "/*" within comment [-Wcomment]
  127 | /*=====================================================================*/
../Inc/stm32f410rb.h:142:1: warning: "/*" within comment [-Wcomment]
  142 | /*3. Casteo a punteros
../Inc/stm32f410rb.h:143:1: warning: "/*" within comment [-Wcomment]
  143 | /*=====================================================================*/
In file included from ../Inc/gpio.h:4,
                 from ../Src/main.c:1:
../Inc/stm32f410rb.h:8:1: warning: "/*" within comment [-Wcomment]
    8 | /*=====================================================================*/
../Inc/stm32f410rb.h:126:1: warning: "/*" within comment [-Wcomment]
  126 | /*2. Direcciones base de memorias y buses (STM32F410RB)
../Inc/stm32f410rb.h:127:1: warning: "/*" within comment [-Wcomment]
  127 | /*=====================================================================*/
../Inc/stm32f410rb.h:142:1: warning: "/*" within comment [-Wcomment]
  142 | /*3. Casteo a punteros
../Src/adc.c: In function 'adc_read_single':
../Inc/stm32f410rb.h:143:1: warning: "/*" within comment [-Wcomment]
  143 | /*=====================================================================*/
../Src/adc.c:37:27: error: 'ADC1' undeclared (first use in this function); did you mean 'ADC'?
   37 |         return (uint16_t)(ADC1->DR);
      |                           ^~~~
      |                           ADC
../Src/adc.c:37:27: note: each undeclared identifier is reported only once for each function it appears in
../Src/main.c: In function 'main':
../Src/main.c:9:9: error: implicit declaration of function 'systick_init' [-Wimplicit-function-declaration]
    9 |         systick_init();
      |         ^~~~~~~~~~~~
../Src/main.c:11:37: error: implicit declaration of function 'get_systick_ms' [-Wimplicit-function-declaration]
   11 |         uint32_t last_sample_time = get_systick_ms();
      |                                     ^~~~~~~~~~~~~~
../Src/adc.c:38:1: warning: control reaches end of non-void function [-Wreturn-type]
   38 | }
      | ^
../Src/main.c:16:34: warning: unused variable 'my_sensor_value' [-Wunused-variable]
   16 |                         uint16_t my_sensor_value = adc_read_single();
      |                                  ^~~~~~~~~~~~~~~
make: *** [Src/subdir.mk:34: Src/adc.o] Error 1
make: *** Waiting for unfinished jobs....
make: *** [Src/subdir.mk:34: Src/main.o] Error 1
"make -j12 all" terminated with exit code 2. Build might be incomplete.
15:03:47 **** Incremental Build of configuration Debug for project 52ADCconfiguration ****
make -j12 all 
arm-none-eabi-gcc "../Src/adc.c" -mcpu=cortex-m4 -std=gnu11 -g3 -DDEBUG -DSTM32F410RBTx -DSTM32 -DNUCLEO_F410RB -DSTM32F4 -c -I../Inc -O0 -ffunction-sections -fdata-sections -Wall -fstack-usage -fcyclomatic-complexity -MMD -MP -MF"Src/adc.d" -MT"Src/adc.o" --specs=nano.specs -mfpu=fpv4-sp-d16 -mfloat-abi=hard -mthumb -o "Src/adc.o"
arm-none-eabi-gcc "../Src/main.c" -mcpu=cortex-m4 -std=gnu11 -g3 -DDEBUG -DSTM32F410RBTx -DSTM32 -DNUCLEO_F410RB -DSTM32F4 -c -I../Inc -O0 -ffunction-sections -fdata-sections -Wall -fstack-usage -fcyclomatic-complexity -MMD -MP -MF"Src/main.d" -MT"Src/main.o" --specs=nano.specs -mfpu=fpv4-sp-d16 -mfloat-abi=hard -mthumb -o "Src/main.o"
In file included from ../Inc/adc.h:4,
                 from ../Src/adc.c:1:
../Inc/stm32f410rb.h:8:1: warning: "/*" within comment [-Wcomment]
    8 | /*=====================================================================*/
In file included from ../Inc/gpio.h:4,
                 from ../Src/main.c:1:
../Inc/stm32f410rb.h:8:1: warning: "/*" within comment [-Wcomment]
    8 | /*=====================================================================*/
../Inc/stm32f410rb.h:126:1: warning: "/*" within comment [-Wcomment]
  126 | /*2. Direcciones base de memorias y buses (STM32F410RB)
../Inc/stm32f410rb.h:127:1: warning: "/*" within comment [-Wcomment]
  127 | /*=====================================================================*/
../Inc/stm32f410rb.h:142:1: warning: "/*" within comment [-Wcomment]
  142 | /*3. Casteo a punteros
../Inc/stm32f410rb.h:126:1: warning: "/*" within comment [-Wcomment]
  126 | /*2. Direcciones base de memorias y buses (STM32F410RB)
../Inc/stm32f410rb.h:143:1: warning: "/*" within comment [-Wcomment]
  143 | /*=====================================================================*/
../Inc/stm32f410rb.h:127:1: warning: "/*" within comment [-Wcomment]
  127 | /*=====================================================================*/
../Inc/stm32f410rb.h:142:1: warning: "/*" within comment [-Wcomment]
  142 | /*3. Casteo a punteros
../Src/adc.c: In function 'adc_read_single':
../Inc/stm32f410rb.h:143:1: warning: "/*" within comment [-Wcomment]
  143 | /*=====================================================================*/
../Src/adc.c:37:27: error: 'ADC1' undeclared (first use in this function); did you mean 'ADC'?
   37 |         return (uint16_t)(ADC1->DR);
      |                           ^~~~
      |                           ADC
../Src/adc.c:37:27: note: each undeclared identifier is reported only once for each function it appears in
../Src/main.c: In function 'main':
../Src/main.c:9:9: error: implicit declaration of function 'systick_init' [-Wimplicit-function-declaration]
    9 |         systick_init();
      |         ^~~~~~~~~~~~
../Src/main.c:11:37: error: implicit declaration of function 'get_systick_ms' [-Wimplicit-function-declaration]
   11 |         uint32_t last_sample_time = get_systick_ms();
      |                                     ^~~~~~~~~~~~~~
../Src/main.c:16:34: warning: unused variable 'my_sensor_value' [-Wunused-variable]
   16 |                         uint16_t my_sensor_value = adc_read_single();
      |                                  ^~~~~~~~~~~~~~~
../Src/adc.c:38:1: warning: control reaches end of non-void function [-Wreturn-type]
   38 | }
      | ^
make: *** [Src/subdir.mk:34: Src/main.o] Error 1
make: *** Waiting for unfinished jobs....
make: *** [Src/subdir.mk:34: Src/adc.o] Error 1
"make -j12 all" terminated with exit code 2. Build might be incomplete.
15:07:00 **** Incremental Build of configuration Debug for project 52ADCconfiguration ****
make -j12 all 
arm-none-eabi-gcc "../Src/adc.c" -mcpu=cortex-m4 -std=gnu11 -g3 -DDEBUG -DSTM32F410RBTx -DSTM32 -DNUCLEO_F410RB -DSTM32F4 -c -I../Inc -O0 -ffunction-sections -fdata-sections -Wall -fstack-usage -fcyclomatic-complexity -MMD -MP -MF"Src/adc.d" -MT"Src/adc.o" --specs=nano.specs -mfpu=fpv4-sp-d16 -mfloat-abi=hard -mthumb -o "Src/adc.o"
arm-none-eabi-gcc "../Src/main.c" -mcpu=cortex-m4 -std=gnu11 -g3 -DDEBUG -DSTM32F410RBTx -DSTM32 -DNUCLEO_F410RB -DSTM32F4 -c -I../Inc -O0 -ffunction-sections -fdata-sections -Wall -fstack-usage -fcyclomatic-complexity -MMD -MP -MF"Src/main.d" -MT"Src/main.o" --specs=nano.specs -mfpu=fpv4-sp-d16 -mfloat-abi=hard -mthumb -o "Src/main.o"
In file included from ../Inc/gpio.h:4,
                 from ../Src/main.c:1:
../Inc/stm32f410rb.h:8:1: warning: "/*" within comment [-Wcomment]
    8 | /*=====================================================================*/
../Inc/stm32f410rb.h:126:1: warning: "/*" within comment [-Wcomment]
  126 | /*2. Direcciones base de memorias y buses (STM32F410RB)
../Inc/stm32f410rb.h:127:1: warning: "/*" within comment [-Wcomment]
  127 | /*=====================================================================*/
../Inc/stm32f410rb.h:142:1: warning: "/*" within comment [-Wcomment]
  142 | /*3. Casteo a punteros
../Inc/stm32f410rb.h:143:1: warning: "/*" within comment [-Wcomment]
  143 | /*=====================================================================*/
../Src/main.c: In function 'main':
../Src/main.c:9:9: error: implicit declaration of function 'systick_init' [-Wimplicit-function-declaration]
    9 |         systick_init();
      |         ^~~~~~~~~~~~
../Src/main.c:11:37: error: implicit declaration of function 'get_systick_ms' [-Wimplicit-function-declaration]
   11 |         uint32_t last_sample_time = get_systick_ms();
      |                                     ^~~~~~~~~~~~~~
../Src/main.c:16:34: warning: unused variable 'my_sensor_value' [-Wunused-variable]
   16 |                         uint16_t my_sensor_value = adc_read_single();
      |                                  ^~~~~~~~~~~~~~~
In file included from ../Inc/adc.h:4,
                 from ../Src/adc.c:1:
../Inc/stm32f410rb.h:8:1: warning: "/*" within comment [-Wcomment]
    8 | /*=====================================================================*/
../Inc/stm32f410rb.h:126:1: warning: "/*" within comment [-Wcomment]
  126 | /*2. Direcciones base de memorias y buses (STM32F410RB)
../Inc/stm32f410rb.h:127:1: warning: "/*" within comment [-Wcomment]
  127 | /*=====================================================================*/
../Inc/stm32f410rb.h:142:1: warning: "/*" within comment [-Wcomment]
  142 | /*3. Casteo a punteros
../Inc/stm32f410rb.h:143:1: warning: "/*" within comment [-Wcomment]
  143 | /*=====================================================================*/
make: *** [Src/subdir.mk:34: Src/main.o] Error 1
make: *** Waiting for unfinished jobs....
"make -j12 all" terminated with exit code 2. Build might be incomplete.
15:07:16 **** Incremental Build of configuration Debug for project 52ADCconfiguration ****
make -j12 all 
arm-none-eabi-gcc "../Src/main.c" -mcpu=cortex-m4 -std=gnu11 -g3 -DDEBUG -DSTM32F410RBTx -DSTM32 -DNUCLEO_F410RB -DSTM32F4 -c -I../Inc -O0 -ffunction-sections -fdata-sections -Wall -fstack-usage -fcyclomatic-complexity -MMD -MP -MF"Src/main.d" -MT"Src/main.o" --specs=nano.specs -mfpu=fpv4-sp-d16 -mfloat-abi=hard -mthumb -o "Src/main.o"
In file included from ../Inc/gpio.h:4,
                 from ../Src/main.c:1:
../Inc/stm32f410rb.h:8:1: warning: "/*" within comment [-Wcomment]
    8 | /*=====================================================================*/
../Inc/stm32f410rb.h:126:1: warning: "/*" within comment [-Wcomment]
  126 | /*2. Direcciones base de memorias y buses (STM32F410RB)
../Inc/stm32f410rb.h:127:1: warning: "/*" within comment [-Wcomment]
  127 | /*=====================================================================*/
../Inc/stm32f410rb.h:142:1: warning: "/*" within comment [-Wcomment]
  142 | /*3. Casteo a punteros
../Inc/stm32f410rb.h:143:1: warning: "/*" within comment [-Wcomment]
  143 | /*=====================================================================*/
../Src/main.c: In function 'main':
../Src/main.c:9:9: error: implicit declaration of function 'systick_init' [-Wimplicit-function-declaration]
    9 |         systick_init();
      |         ^~~~~~~~~~~~
../Src/main.c:11:37: error: implicit declaration of function 'get_systick_ms' [-Wimplicit-function-declaration]
   11 |         uint32_t last_sample_time = get_systick_ms();
      |                                     ^~~~~~~~~~~~~~
../Src/main.c:16:34: warning: unused variable 'my_sensor_value' [-Wunused-variable]
   16 |                         uint16_t my_sensor_value = adc_read_single();
      |                                  ^~~~~~~~~~~~~~~
make: *** [Src/subdir.mk:34: Src/main.o] Error 1
"make -j12 all" terminated with exit code 2. Build might be incomplete.
15:07:51 **** Incremental Build of configuration Debug for project 52ADCconfiguration ****
make -j12 all 
arm-none-eabi-gcc "../Src/main.c" -mcpu=cortex-m4 -std=gnu11 -g3 -DDEBUG -DSTM32F410RBTx -DSTM32 -DNUCLEO_F410RB -DSTM32F4 -c -I../Inc -O0 -ffunction-sections -fdata-sections -Wall -fstack-usage -fcyclomatic-complexity -MMD -MP -MF"Src/main.d" -MT"Src/main.o" --specs=nano.specs -mfpu=fpv4-sp-d16 -mfloat-abi=hard -mthumb -o "Src/main.o"
In file included from ../Inc/gpio.h:4,
                 from ../Src/main.c:1:
../Inc/stm32f410rb.h:8:1: warning: "/*" within comment [-Wcomment]
    8 | /*=====================================================================*/
../Inc/stm32f410rb.h:126:1: warning: "/*" within comment [-Wcomment]
  126 | /*2. Direcciones base de memorias y buses (STM32F410RB)
../Inc/stm32f410rb.h:127:1: warning: "/*" within comment [-Wcomment]
  127 | /*=====================================================================*/
../Inc/stm32f410rb.h:142:1: warning: "/*" within comment [-Wcomment]
  142 | /*3. Casteo a punteros
../Inc/stm32f410rb.h:143:1: warning: "/*" within comment [-Wcomment]
  143 | /*=====================================================================*/
../Src/main.c: In function 'main':
../Src/main.c:9:9: error: implicit declaration of function 'systick_init' [-Wimplicit-function-declaration]
    9 |         systick_init();
      |         ^~~~~~~~~~~~
../Src/main.c:11:37: error: implicit declaration of function 'get_systick_ms' [-Wimplicit-function-declaration]
   11 |         uint32_t last_sample_time = get_systick_ms();
      |                                     ^~~~~~~~~~~~~~
../Src/main.c:16:34: warning: unused variable 'my_sensor_value' [-Wunused-variable]
   16 |                         uint16_t my_sensor_value = adc_read_single();
      |                                  ^~~~~~~~~~~~~~~
make: *** [Src/subdir.mk:34: Src/main.o] Error 1
"make -j12 all" terminated with exit code 2. Build might be incomplete.
15:09:15 **** Incremental Build of configuration Debug for project 52ADCconfiguration ****
make -j12 all 
arm-none-eabi-gcc "../Src/adc.c" -mcpu=cortex-m4 -std=gnu11 -g3 -DDEBUG -DSTM32F410RBTx -DSTM32 -DNUCLEO_F410RB -DSTM32F4 -c -I../Inc -O0 -ffunction-sections -fdata-sections -Wall -fstack-usage -fcyclomatic-complexity -MMD -MP -MF"Src/adc.d" -MT"Src/adc.o" --specs=nano.specs -mfpu=fpv4-sp-d16 -mfloat-abi=hard -mthumb -o "Src/adc.o"
arm-none-eabi-gcc "../Src/gpio.c" -mcpu=cortex-m4 -std=gnu11 -g3 -DDEBUG -DSTM32F410RBTx -DSTM32 -DNUCLEO_F410RB -DSTM32F4 -c -I../Inc -O0 -ffunction-sections -fdata-sections -Wall -fstack-usage -fcyclomatic-complexity -MMD -MP -MF"Src/gpio.d" -MT"Src/gpio.o" --specs=nano.specs -mfpu=fpv4-sp-d16 -mfloat-abi=hard -mthumb -o "Src/gpio.o"
arm-none-eabi-gcc "../Src/main.c" -mcpu=cortex-m4 -std=gnu11 -g3 -DDEBUG -DSTM32F410RBTx -DSTM32 -DNUCLEO_F410RB -DSTM32F4 -c -I../Inc -O0 -ffunction-sections -fdata-sections -Wall -fstack-usage -fcyclomatic-complexity -MMD -MP -MF"Src/main.d" -MT"Src/main.o" --specs=nano.specs -mfpu=fpv4-sp-d16 -mfloat-abi=hard -mthumb -o "Src/main.o"
arm-none-eabi-gcc "../Src/systick.c" -mcpu=cortex-m4 -std=gnu11 -g3 -DDEBUG -DSTM32F410RBTx -DSTM32 -DNUCLEO_F410RB -DSTM32F4 -c -I../Inc -O0 -ffunction-sections -fdata-sections -Wall -fstack-usage -fcyclomatic-complexity -MMD -MP -MF"Src/systick.d" -MT"Src/systick.o" --specs=nano.specs -mfpu=fpv4-sp-d16 -mfloat-abi=hard -mthumb -o "Src/systick.o"
In file included from ../Inc/systick.h:4,
                 from ../Src/systick.c:1:
../Inc/stm32f410rb.h:8:1: warning: "/*" within comment [-Wcomment]
    8 | /*=====================================================================*/
../Inc/stm32f410rb.h:126:1: warning: "/*" within comment [-Wcomment]
  126 | /*2. Direcciones base de memorias y buses (STM32F410RB)
../Inc/stm32f410rb.h:127:1: warning: "/*" within comment [-Wcomment]
  127 | /*=====================================================================*/
../Inc/stm32f410rb.h:142:1: warning: "/*" within comment [-Wcomment]
  142 | /*3. Casteo a punteros
../Inc/stm32f410rb.h:143:1: warning: "/*" within comment [-Wcomment]
  143 | /*=====================================================================*/
In file included from ../Inc/gpio.h:4,
                 from ../Src/main.c:1:
../Inc/stm32f410rb.h:8:1: warning: "/*" within comment [-Wcomment]
    8 | /*=====================================================================*/
In file included from ../Inc/adc.h:4,
                 from ../Src/adc.c:1:
../Inc/stm32f410rb.h:8:1: warning: "/*" within comment [-Wcomment]
    8 | /*=====================================================================*/
In file included from ../Inc/gpio.h:4,
                 from ../Src/gpio.c:1:
../Inc/stm32f410rb.h:8:1: warning: "/*" within comment [-Wcomment]
    8 | /*=====================================================================*/
../Inc/stm32f410rb.h:126:1: warning: "/*" within comment [-Wcomment]
  126 | /*2. Direcciones base de memorias y buses (STM32F410RB)
../Inc/stm32f410rb.h:126:1: warning: "/*" within comment [-Wcomment]
  126 | /*2. Direcciones base de memorias y buses (STM32F410RB)
../Inc/stm32f410rb.h:127:1: warning: "/*" within comment [-Wcomment]
  127 | /*=====================================================================*/
../Inc/stm32f410rb.h:127:1: warning: "/*" within comment [-Wcomment]
  127 | /*=====================================================================*/
../Inc/stm32f410rb.h:142:1: warning: "/*" within comment [-Wcomment]
  142 | /*3. Casteo a punteros
../Inc/stm32f410rb.h:126:1: warning: "/*" within comment [-Wcomment]
  126 | /*2. Direcciones base de memorias y buses (STM32F410RB)
../Inc/stm32f410rb.h:142:1: warning: "/*" within comment [-Wcomment]
  142 | /*3. Casteo a punteros
../Inc/stm32f410rb.h:143:1: warning: "/*" within comment [-Wcomment]
  143 | /*=====================================================================*/
../Inc/stm32f410rb.h:127:1: warning: "/*" within comment [-Wcomment]
  127 | /*=====================================================================*/
../Inc/stm32f410rb.h:143:1: warning: "/*" within comment [-Wcomment]
  143 | /*=====================================================================*/
../Src/main.c: In function 'main':
../Inc/stm32f410rb.h:142:1: warning: "/*" within comment [-Wcomment]
  142 | /*3. Casteo a punteros
../Inc/stm32f410rb.h:143:1: warning: "/*" within comment [-Wcomment]
  143 | /*=====================================================================*/
../Src/main.c:9:9: error: implicit declaration of function 'systick_init' [-Wimplicit-function-declaration]
    9 |         systick_init();
      |         ^~~~~~~~~~~~
../Src/main.c:11:37: error: implicit declaration of function 'get_systick_ms' [-Wimplicit-function-declaration]
   11 |         uint32_t last_sample_time = get_systick_ms();
      |                                     ^~~~~~~~~~~~~~
../Src/main.c:16:34: warning: unused variable 'my_sensor_value' [-Wunused-variable]
   16 |                         uint16_t my_sensor_value = adc_read_single();
      |                                  ^~~~~~~~~~~~~~~
make: *** [Src/subdir.mk:34: Src/main.o] Error 1
make: *** Waiting for unfinished jobs....
"make -j12 all" terminated with exit code 2. Build might be incomplete.
15:10:27 **** Incremental Build of configuration Debug for project 52ADCconfiguration ****
make -j12 all 
arm-none-eabi-gcc "../Src/main.c" -mcpu=cortex-m4 -std=gnu11 -g3 -DDEBUG -DSTM32F410RBTx -DSTM32 -DNUCLEO_F410RB -DSTM32F4 -c -I../Inc -O0 -ffunction-sections -fdata-sections -Wall -fstack-usage -fcyclomatic-complexity -MMD -MP -MF"Src/main.d" -MT"Src/main.o" --specs=nano.specs -mfpu=fpv4-sp-d16 -mfloat-abi=hard -mthumb -o "Src/main.o"
In file included from ../Inc/gpio.h:4,
                 from ../Src/main.c:1:
../Inc/stm32f410rb.h:8:1: warning: "/*" within comment [-Wcomment]
    8 | /*=====================================================================*/
../Inc/stm32f410rb.h:126:1: warning: "/*" within comment [-Wcomment]
  126 | /*2. Direcciones base de memorias y buses (STM32F410RB)
../Inc/stm32f410rb.h:127:1: warning: "/*" within comment [-Wcomment]
  127 | /*=====================================================================*/
../Inc/stm32f410rb.h:142:1: warning: "/*" within comment [-Wcomment]
  142 | /*3. Casteo a punteros
../Inc/stm32f410rb.h:143:1: warning: "/*" within comment [-Wcomment]
  143 | /*=====================================================================*/
../Src/main.c: In function 'main':
../Src/main.c:9:9: error: implicit declaration of function 'systick_init' [-Wimplicit-function-declaration]
    9 |         systick_init();
      |         ^~~~~~~~~~~~
../Src/main.c:11:37: error: implicit declaration of function 'get_systick_ms' [-Wimplicit-function-declaration]
   11 |         uint32_t last_sample_time = get_systick_ms();
      |                                     ^~~~~~~~~~~~~~
../Src/main.c:16:34: warning: unused variable 'my_sensor_value' [-Wunused-variable]
   16 |                         uint16_t my_sensor_value = adc_read_single();
      |                                  ^~~~~~~~~~~~~~~
make: *** [Src/subdir.mk:34: Src/main.o] Error 1
"make -j12 all" terminated with exit code 2. Build might be incomplete.
15:12:04 **** Incremental Build of configuration Debug for project 52ADCconfiguration ****
make -j12 all 
arm-none-eabi-gcc "../Src/main.c" -mcpu=cortex-m4 -std=gnu11 -g3 -DDEBUG -DSTM32F410RBTx -DSTM32 -DNUCLEO_F410RB -DSTM32F4 -c -I../Inc -O0 -ffunction-sections -fdata-sections -Wall -fstack-usage -fcyclomatic-complexity -MMD -MP -MF"Src/main.d" -MT"Src/main.o" --specs=nano.specs -mfpu=fpv4-sp-d16 -mfloat-abi=hard -mthumb -o "Src/main.o"
In file included from ../Inc/gpio.h:4,
                 from ../Src/main.c:1:
../Inc/stm32f410rb.h:8:1: warning: "/*" within comment [-Wcomment]
    8 | /*=====================================================================*/
../Inc/stm32f410rb.h:126:1: warning: "/*" within comment [-Wcomment]
  126 | /*2. Direcciones base de memorias y buses (STM32F410RB)
../Inc/stm32f410rb.h:127:1: warning: "/*" within comment [-Wcomment]
  127 | /*=====================================================================*/
../Inc/stm32f410rb.h:142:1: warning: "/*" within comment [-Wcomment]
  142 | /*3. Casteo a punteros
../Inc/stm32f410rb.h:143:1: warning: "/*" within comment [-Wcomment]
  143 | /*=====================================================================*/
../Src/main.c: In function 'main':
../Src/main.c:9:9: error: implicit declaration of function 'systick_init' [-Wimplicit-function-declaration]
    9 |         systick_init();
      |         ^~~~~~~~~~~~
../Src/main.c:11:37: error: implicit declaration of function 'get_systick_ms' [-Wimplicit-function-declaration]
   11 |         uint32_t last_sample_time = get_systick_ms();
      |                                     ^~~~~~~~~~~~~~
../Src/main.c:16:34: warning: unused variable 'my_sensor_value' [-Wunused-variable]
   16 |                         uint16_t my_sensor_value = adc_read_single();
      |                                  ^~~~~~~~~~~~~~~
make: *** [Src/subdir.mk:34: Src/main.o] Error 1
"make -j12 all" terminated with exit code 2. Build might be incomplete.
15:13:00 **** Incremental Build of configuration Debug for project 52ADCconfiguration ****
make -j12 all 
arm-none-eabi-gcc "../Src/main.c" -mcpu=cortex-m4 -std=gnu11 -g3 -DDEBUG -DSTM32F410RBTx -DSTM32 -DNUCLEO_F410RB -DSTM32F4 -c -I../Inc -O0 -ffunction-sections -fdata-sections -Wall -fstack-usage -fcyclomatic-complexity -MMD -MP -MF"Src/main.d" -MT"Src/main.o" --specs=nano.specs -mfpu=fpv4-sp-d16 -mfloat-abi=hard -mthumb -o "Src/main.o"
In file included from ../Inc/gpio.h:4,
                 from ../Src/main.c:1:
../Inc/stm32f410rb.h:8:1: warning: "/*" within comment [-Wcomment]
    8 | /*=====================================================================*/
../Inc/stm32f410rb.h:126:1: warning: "/*" within comment [-Wcomment]
  126 | /*2. Direcciones base de memorias y buses (STM32F410RB)
../Inc/stm32f410rb.h:127:1: warning: "/*" within comment [-Wcomment]
  127 | /*=====================================================================*/
../Inc/stm32f410rb.h:142:1: warning: "/*" within comment [-Wcomment]
  142 | /*3. Casteo a punteros
../Inc/stm32f410rb.h:143:1: warning: "/*" within comment [-Wcomment]
  143 | /*=====================================================================*/
../Src/main.c: In function 'main':
../Src/main.c:16:34: warning: unused variable 'my_sensor_value' [-Wunused-variable]
   16 |                         uint16_t my_sensor_value = adc_read_single();
      |                                  ^~~~~~~~~~~~~~~
arm-none-eabi-gcc -o "52ADCconfiguration.elf" @"objects.list"   -mcpu=cortex-m4 -T"D:\Embedded\STM32Bare\Module5\52ADCconfiguration\STM32F410RBTX_FLASH.ld" --specs=nosys.specs -Wl,-Map="52ADCconfiguration.map" -Wl,--gc-sections -static --specs=nano.specs -mfpu=fpv4-sp-d16 -mfloat-abi=hard -mthumb -Wl,--start-group -lc -lm -Wl,--end-group
Finished building target: 52ADCconfiguration.elf
 
arm-none-eabi-size  52ADCconfiguration.elf 
arm-none-eabi-objdump -h -S 52ADCconfiguration.elf  > "52ADCconfiguration.list"
   text	   data	    bss	    dec	    hex	filename
   1108	      0	   1568	   2676	    a74	52ADCconfiguration.elf
Finished building: default.size.stdout
 
Finished building: 52ADCconfiguration.list
 
15:13:11 **** Incremental Build of configuration Debug for project 52ADCconfiguration ****
make -j12 all 
arm-none-eabi-size  52ADCconfiguration.elf 
   text	   data	    bss	    dec	    hex	filename
   1108	      0	   1568	   2676	    a74	52ADCconfiguration.elf
Finished building: default.size.stdout
 
15:14:26 **** Incremental Build of configuration Debug for project 52ADCconfiguration ****
make -j12 all 
arm-none-eabi-size  52ADCconfiguration.elf 
   text	   data	    bss	    dec	    hex	filename
   1108	      0	   1568	   2676	    a74	52ADCconfiguration.elf
Finished building: default.size.stdout
 
15:15:07 **** Incremental Build of configuration Debug for project 52ADCconfiguration ****
make -j12 all 
arm-none-eabi-size  52ADCconfiguration.elf 
   text	   data	    bss	    dec	    hex	filename
   1108	      0	   1568	   2676	    a74	52ADCconfiguration.elf
Finished building: default.size.stdout
 
15:15:35 **** Incremental Build of configuration Debug for project 52ADCconfiguration ****
make -j12 all 
arm-none-eabi-size  52ADCconfiguration.elf 
   text	   data	    bss	    dec	    hex	filename
   1108	      0	   1568	   2676	    a74	52ADCconfiguration.elf
Finished building: default.size.stdout
 
15:15:45 **** Incremental Build of configuration Debug for project 52ADCconfiguration ****
make -j12 all 
arm-none-eabi-size  52ADCconfiguration.elf 
   text	   data	    bss	    dec	    hex	filename
   1108	      0	   1568	   2676	    a74	52ADCconfiguration.elf
Finished building: default.size.stdout
 
15:16:26 **** Incremental Build of configuration Debug for project 52ADCconfiguration ****
make -j12 all 
arm-none-eabi-size  52ADCconfiguration.elf 
   text	   data	    bss	    dec	    hex	filename
   1108	      0	   1568	   2676	    a74	52ADCconfiguration.elf
Finished building: default.size.stdout
 
15:16:40 **** Incremental Build of configuration Debug for project 52ADCconfiguration ****
make -j12 all 
arm-none-eabi-size  52ADCconfiguration.elf 
   text	   data	    bss	    dec	    hex	filename
   1108	      0	   1568	   2676	    a74	52ADCconfiguration.elf
Finished building: default.size.stdout
 
11:19:46 **** Incremental Build of configuration Debug for project 52ADCconfiguration ****
make -j12 all 
arm-none-eabi-size  52ADCconfiguration.elf 
   text	   data	    bss	    dec	    hex	filename
   1108	      0	   1568	   2676	    a74	52ADCconfiguration.elf
Finished building: default.size.stdout
 
11:23:24 **** Incremental Build of configuration Debug for project 52ADCconfiguration ****
make -j12 all 
arm-none-eabi-gcc "../Src/gpio.c" -mcpu=cortex-m4 -std=gnu11 -g3 -DDEBUG -DSTM32F410RBTx -DSTM32 -DNUCLEO_F410RB -DSTM32F4 -c -I../Inc -O0 -ffunction-sections -fdata-sections -Wall -fstack-usage -fcyclomatic-complexity -MMD -MP -MF"Src/gpio.d" -MT"Src/gpio.o" --specs=nano.specs -mfpu=fpv4-sp-d16 -mfloat-abi=hard -mthumb -o "Src/gpio.o"
In file included from ../Inc/gpio.h:4,
                 from ../Src/gpio.c:1:
../Inc/stm32f410rb.h:8:1: warning: "/*" within comment [-Wcomment]
    8 | /*=====================================================================*/
../Inc/stm32f410rb.h:126:1: warning: "/*" within comment [-Wcomment]
  126 | /*2. Direcciones base de memorias y buses (STM32F410RB)
../Inc/stm32f410rb.h:127:1: warning: "/*" within comment [-Wcomment]
  127 | /*=====================================================================*/
../Inc/stm32f410rb.h:142:1: warning: "/*" within comment [-Wcomment]
  142 | /*3. Casteo a punteros
../Inc/stm32f410rb.h:143:1: warning: "/*" within comment [-Wcomment]
  143 | /*=====================================================================*/
arm-none-eabi-gcc -o "52ADCconfiguration.elf" @"objects.list"   -mcpu=cortex-m4 -T"D:\Embedded\STM32Bare\Module5\52ADCconfiguration\STM32F410RBTX_FLASH.ld" --specs=nosys.specs -Wl,-Map="52ADCconfiguration.map" -Wl,--gc-sections -static --specs=nano.specs -mfpu=fpv4-sp-d16 -mfloat-abi=hard -mthumb -Wl,--start-group -lc -lm -Wl,--end-group
Finished building target: 52ADCconfiguration.elf
 
arm-none-eabi-size  52ADCconfiguration.elf 
arm-none-eabi-objdump -h -S 52ADCconfiguration.elf  > "52ADCconfiguration.list"
   text	   data	    bss	    dec	    hex	filename
   1108	      0	   1568	   2676	    a74	52ADCconfiguration.elf
Finished building: default.size.stdout
 
Finished building: 52ADCconfiguration.list
 
12:15:13 **** Incremental Build of configuration Debug for project 52ADCconfiguration ****
make -j12 all 
arm-none-eabi-gcc "../Src/adc.c" -mcpu=cortex-m4 -std=gnu11 -g3 -DDEBUG -DSTM32F410RBTx -DSTM32 -DNUCLEO_F410RB -DSTM32F4 -c -I../Inc -O0 -ffunction-sections -fdata-sections -Wall -fstack-usage -fcyclomatic-complexity -MMD -MP -MF"Src/adc.d" -MT"Src/adc.o" --specs=nano.specs -mfpu=fpv4-sp-d16 -mfloat-abi=hard -mthumb -o "Src/adc.o"
In file included from ../Inc/adc.h:4,
                 from ../Src/adc.c:1:
../Inc/stm32f410rb.h:8:1: warning: "/*" within comment [-Wcomment]
    8 | /*=====================================================================*/
../Inc/stm32f410rb.h:126:1: warning: "/*" within comment [-Wcomment]
  126 | /*2. Direcciones base de memorias y buses (STM32F410RB)
../Inc/stm32f410rb.h:127:1: warning: "/*" within comment [-Wcomment]
  127 | /*=====================================================================*/
../Inc/stm32f410rb.h:142:1: warning: "/*" within comment [-Wcomment]
  142 | /*3. Casteo a punteros
../Inc/stm32f410rb.h:143:1: warning: "/*" within comment [-Wcomment]
  143 | /*=====================================================================*/
arm-none-eabi-gcc -o "52ADCconfiguration.elf" @"objects.list"   -mcpu=cortex-m4 -T"D:\Embedded\STM32Bare\Module5\52ADCconfiguration\STM32F410RBTX_FLASH.ld" --specs=nosys.specs -Wl,-Map="52ADCconfiguration.map" -Wl,--gc-sections -static --specs=nano.specs -mfpu=fpv4-sp-d16 -mfloat-abi=hard -mthumb -Wl,--start-group -lc -lm -Wl,--end-group
Finished building target: 52ADCconfiguration.elf
 
arm-none-eabi-size  52ADCconfiguration.elf 
arm-none-eabi-objdump -h -S 52ADCconfiguration.elf  > "52ADCconfiguration.list"
   text	   data	    bss	    dec	    hex	filename
   1108	      0	   1568	   2676	    a74	52ADCconfiguration.elf
Finished building: default.size.stdout
 
Finished building: 52ADCconfiguration.list
 
12:47:07 **** Incremental Build of configuration Debug for project 52ADCconfiguration ****
make -j12 all 
arm-none-eabi-gcc "../Src/adc.c" -mcpu=cortex-m4 -std=gnu11 -g3 -DDEBUG -DSTM32F410RBTx -DSTM32 -DNUCLEO_F410RB -DSTM32F4 -c -I../Inc -O0 -ffunction-sections -fdata-sections -Wall -fstack-usage -fcyclomatic-complexity -MMD -MP -MF"Src/adc.d" -MT"Src/adc.o" --specs=nano.specs -mfpu=fpv4-sp-d16 -mfloat-abi=hard -mthumb -o "Src/adc.o"
arm-none-eabi-gcc "../Src/gpio.c" -mcpu=cortex-m4 -std=gnu11 -g3 -DDEBUG -DSTM32F410RBTx -DSTM32 -DNUCLEO_F410RB -DSTM32F4 -c -I../Inc -O0 -ffunction-sections -fdata-sections -Wall -fstack-usage -fcyclomatic-complexity -MMD -MP -MF"Src/gpio.d" -MT"Src/gpio.o" --specs=nano.specs -mfpu=fpv4-sp-d16 -mfloat-abi=hard -mthumb -o "Src/gpio.o"
arm-none-eabi-gcc "../Src/main.c" -mcpu=cortex-m4 -std=gnu11 -g3 -DDEBUG -DSTM32F410RBTx -DSTM32 -DNUCLEO_F410RB -DSTM32F4 -c -I../Inc -O0 -ffunction-sections -fdata-sections -Wall -fstack-usage -fcyclomatic-complexity -MMD -MP -MF"Src/main.d" -MT"Src/main.o" --specs=nano.specs -mfpu=fpv4-sp-d16 -mfloat-abi=hard -mthumb -o "Src/main.o"
arm-none-eabi-gcc "../Src/systick.c" -mcpu=cortex-m4 -std=gnu11 -g3 -DDEBUG -DSTM32F410RBTx -DSTM32 -DNUCLEO_F410RB -DSTM32F4 -c -I../Inc -O0 -ffunction-sections -fdata-sections -Wall -fstack-usage -fcyclomatic-complexity -MMD -MP -MF"Src/systick.d" -MT"Src/systick.o" --specs=nano.specs -mfpu=fpv4-sp-d16 -mfloat-abi=hard -mthumb -o "Src/systick.o"
In file included from ../Inc/gpio.h:4,
                 from ../Src/gpio.c:1:
../Inc/stm32f410rb.h:8:1: warning: "/*" within comment [-Wcomment]
    8 | /*=====================================================================*/
In file included from ../Inc/gpio.h:4,
                 from ../Src/main.c:1:
../Inc/stm32f410rb.h:8:1: warning: "/*" within comment [-Wcomment]
    8 | /*=====================================================================*/
../Inc/stm32f410rb.h:126:1: warning: "/*" within comment [-Wcomment]
  126 | /*2. Direcciones base de memorias y buses (STM32F410RB)
../Inc/stm32f410rb.h:127:1: warning: "/*" within comment [-Wcomment]
  127 | /*=====================================================================*/
In file included from ../Inc/adc.h:4,
                 from ../Src/adc.c:1:
../Inc/stm32f410rb.h:8:1: warning: "/*" within comment [-Wcomment]
    8 | /*=====================================================================*/
../Inc/stm32f410rb.h:142:1: warning: "/*" within comment [-Wcomment]
  142 | /*3. Casteo a punteros
../Inc/stm32f410rb.h:126:1: warning: "/*" within comment [-Wcomment]
  126 | /*2. Direcciones base de memorias y buses (STM32F410RB)
../Inc/stm32f410rb.h:143:1: warning: "/*" within comment [-Wcomment]
  143 | /*=====================================================================*/
../Inc/stm32f410rb.h:127:1: warning: "/*" within comment [-Wcomment]
  127 | /*=====================================================================*/
../Inc/stm32f410rb.h:126:1: warning: "/*" within comment [-Wcomment]
  126 | /*2. Direcciones base de memorias y buses (STM32F410RB)
../Inc/stm32f410rb.h:127:1: warning: "/*" within comment [-Wcomment]
  127 | /*=====================================================================*/
../Inc/stm32f410rb.h:142:1: warning: "/*" within comment [-Wcomment]
  142 | /*3. Casteo a punteros
../Inc/stm32f410rb.h:142:1: warning: "/*" within comment [-Wcomment]
  142 | /*3. Casteo a punteros
../Inc/stm32f410rb.h:143:1: warning: "/*" within comment [-Wcomment]
  143 | /*=====================================================================*/
../Inc/stm32f410rb.h:143:1: warning: "/*" within comment [-Wcomment]
  143 | /*=====================================================================*/
../Src/main.c: In function 'main':
../Src/main.c:16:34: warning: unused variable 'my_sensor_value' [-Wunused-variable]
   16 |                         uint16_t my_sensor_value = adc_read_single();
      |                                  ^~~~~~~~~~~~~~~
In file included from ../Inc/systick.h:4,
                 from ../Src/systick.c:1:
../Inc/stm32f410rb.h:8:1: warning: "/*" within comment [-Wcomment]
    8 | /*=====================================================================*/
../Inc/stm32f410rb.h:126:1: warning: "/*" within comment [-Wcomment]
  126 | /*2. Direcciones base de memorias y buses (STM32F410RB)
../Inc/stm32f410rb.h:127:1: warning: "/*" within comment [-Wcomment]
  127 | /*=====================================================================*/
../Inc/stm32f410rb.h:142:1: warning: "/*" within comment [-Wcomment]
  142 | /*3. Casteo a punteros
../Inc/stm32f410rb.h:143:1: warning: "/*" within comment [-Wcomment]
  143 | /*=====================================================================*/
arm-none-eabi-gcc -o "52ADCconfiguration.elf" @"objects.list"   -mcpu=cortex-m4 -T"D:\Embedded\STM32Bare\Module5\52ADCconfiguration\STM32F410RBTX_FLASH.ld" --specs=nosys.specs -Wl,-Map="52ADCconfiguration.map" -Wl,--gc-sections -static --specs=nano.specs -mfpu=fpv4-sp-d16 -mfloat-abi=hard -mthumb -Wl,--start-group -lc -lm -Wl,--end-group
Finished building target: 52ADCconfiguration.elf
 
arm-none-eabi-size  52ADCconfiguration.elf 
arm-none-eabi-objdump -h -S 52ADCconfiguration.elf  > "52ADCconfiguration.list"
   text	   data	    bss	    dec	    hex	filename
   1108	      0	   1568	   2676	    a74	52ADCconfiguration.elf
Finished building: default.size.stdout
 
Finished building: 52ADCconfiguration.list
 
12:49:32 **** Incremental Build of configuration Debug for project 52ADCconfiguration ****
make -j12 all 
arm-none-eabi-size  52ADCconfiguration.elf 
   text	   data	    bss	    dec	    hex	filename
   1108	      0	   1568	   2676	    a74	52ADCconfiguration.elf
Finished building: default.size.stdout
 
12:50:12 **** Incremental Build of configuration Debug for project 52ADCconfiguration ****
make -j12 all 
arm-none-eabi-size  52ADCconfiguration.elf 
   text	   data	    bss	    dec	    hex	filename
   1108	      0	   1568	   2676	    a74	52ADCconfiguration.elf
Finished building: default.size.stdout
 
12:50:39 **** Incremental Build of configuration Debug for project 52ADCconfiguration ****
make -j12 all 
arm-none-eabi-size  52ADCconfiguration.elf 
   text	   data	    bss	    dec	    hex	filename
   1108	      0	   1568	   2676	    a74	52ADCconfiguration.elf
Finished building: default.size.stdout
 
13:03:13 **** Incremental Build of configuration Debug for project 52ADCconfiguration ****
make -j12 all 
arm-none-eabi-gcc "../Src/main.c" -mcpu=cortex-m4 -std=gnu11 -g3 -DDEBUG -DSTM32F410RBTx -DSTM32 -DNUCLEO_F410RB -DSTM32F4 -c -I../Inc -O0 -ffunction-sections -fdata-sections -Wall -fstack-usage -fcyclomatic-complexity -MMD -MP -MF"Src/main.d" -MT"Src/main.o" --specs=nano.specs -mfpu=fpv4-sp-d16 -mfloat-abi=hard -mthumb -o "Src/main.o"
In file included from ../Inc/gpio.h:4,
                 from ../Src/main.c:1:
../Inc/stm32f410rb.h:8:1: warning: "/*" within comment [-Wcomment]
    8 | /*=====================================================================*/
../Inc/stm32f410rb.h:126:1: warning: "/*" within comment [-Wcomment]
  126 | /*2. Direcciones base de memorias y buses (STM32F410RB)
../Inc/stm32f410rb.h:127:1: warning: "/*" within comment [-Wcomment]
  127 | /*=====================================================================*/
../Inc/stm32f410rb.h:142:1: warning: "/*" within comment [-Wcomment]
  142 | /*3. Casteo a punteros
../Inc/stm32f410rb.h:143:1: warning: "/*" within comment [-Wcomment]
  143 | /*=====================================================================*/
arm-none-eabi-gcc -o "52ADCconfiguration.elf" @"objects.list"   -mcpu=cortex-m4 -T"D:\Embedded\STM32Bare\Module5\52ADCconfiguration\STM32F410RBTX_FLASH.ld" --specs=nosys.specs -Wl,-Map="52ADCconfiguration.map" -Wl,--gc-sections -static --specs=nano.specs -mfpu=fpv4-sp-d16 -mfloat-abi=hard -mthumb -Wl,--start-group -lc -lm -Wl,--end-group
Finished building target: 52ADCconfiguration.elf
 
arm-none-eabi-size  52ADCconfiguration.elf 
arm-none-eabi-objdump -h -S 52ADCconfiguration.elf  > "52ADCconfiguration.list"
   text	   data	    bss	    dec	    hex	filename
   1116	      0	   1576	   2692	    a84	52ADCconfiguration.elf
Finished building: default.size.stdout
 
Finished building: 52ADCconfiguration.list
 
13:05:41 **** Incremental Build of configuration Debug for project 52ADCconfiguration ****
make -j12 all 
arm-none-eabi-gcc "../Src/main.c" -mcpu=cortex-m4 -std=gnu11 -g3 -DDEBUG -DSTM32F410RBTx -DSTM32 -DNUCLEO_F410RB -DSTM32F4 -c -I../Inc -O0 -ffunction-sections -fdata-sections -Wall -fstack-usage -fcyclomatic-complexity -MMD -MP -MF"Src/main.d" -MT"Src/main.o" --specs=nano.specs -mfpu=fpv4-sp-d16 -mfloat-abi=hard -mthumb -o "Src/main.o"
In file included from ../Inc/gpio.h:4,
                 from ../Src/main.c:1:
../Inc/stm32f410rb.h:8:1: warning: "/*" within comment [-Wcomment]
    8 | /*=====================================================================*/
../Inc/stm32f410rb.h:126:1: warning: "/*" within comment [-Wcomment]
  126 | /*2. Direcciones base de memorias y buses (STM32F410RB)
../Inc/stm32f410rb.h:127:1: warning: "/*" within comment [-Wcomment]
  127 | /*=====================================================================*/
../Inc/stm32f410rb.h:142:1: warning: "/*" within comment [-Wcomment]
  142 | /*3. Casteo a punteros
../Inc/stm32f410rb.h:143:1: warning: "/*" within comment [-Wcomment]
  143 | /*=====================================================================*/
../Src/main.c: In function 'main':
../Src/main.c:16:43: warning: unused variable 'my_sensor_value' [-Wunused-variable]
   16 |                         volatile uint16_t my_sensor_value = adc_read_single();
      |                                           ^~~~~~~~~~~~~~~
arm-none-eabi-gcc -o "52ADCconfiguration.elf" @"objects.list"   -mcpu=cortex-m4 -T"D:\Embedded\STM32Bare\Module5\52ADCconfiguration\STM32F410RBTX_FLASH.ld" --specs=nosys.specs -Wl,-Map="52ADCconfiguration.map" -Wl,--gc-sections -static --specs=nano.specs -mfpu=fpv4-sp-d16 -mfloat-abi=hard -mthumb -Wl,--start-group -lc -lm -Wl,--end-group
Finished building target: 52ADCconfiguration.elf
 
arm-none-eabi-size  52ADCconfiguration.elf 
arm-none-eabi-objdump -h -S 52ADCconfiguration.elf  > "52ADCconfiguration.list"
   text	   data	    bss	    dec	    hex	filename
   1108	      0	   1568	   2676	    a74	52ADCconfiguration.elf
Finished building: default.size.stdout
 
Finished building: 52ADCconfiguration.list
 
13:06:22 **** Incremental Build of configuration Debug for project 52ADCconfiguration ****
make -j12 all 
arm-none-eabi-gcc "../Src/main.c" -mcpu=cortex-m4 -std=gnu11 -g3 -DDEBUG -DSTM32F410RBTx -DSTM32 -DNUCLEO_F410RB -DSTM32F4 -c -I../Inc -O0 -ffunction-sections -fdata-sections -Wall -fstack-usage -fcyclomatic-complexity -MMD -MP -MF"Src/main.d" -MT"Src/main.o" --specs=nano.specs -mfpu=fpv4-sp-d16 -mfloat-abi=hard -mthumb -o "Src/main.o"
In file included from ../Inc/gpio.h:4,
                 from ../Src/main.c:1:
../Inc/stm32f410rb.h:8:1: warning: "/*" within comment [-Wcomment]
    8 | /*=====================================================================*/
../Inc/stm32f410rb.h:126:1: warning: "/*" within comment [-Wcomment]
  126 | /*2. Direcciones base de memorias y buses (STM32F410RB)
../Inc/stm32f410rb.h:127:1: warning: "/*" within comment [-Wcomment]
  127 | /*=====================================================================*/
../Inc/stm32f410rb.h:142:1: warning: "/*" within comment [-Wcomment]
  142 | /*3. Casteo a punteros
../Inc/stm32f410rb.h:143:1: warning: "/*" within comment [-Wcomment]
  143 | /*=====================================================================*/
../Src/main.c: In function 'main':
../Src/main.c:16:68: error: initializer element is not constant
   16 |                         static volatile uint16_t my_sensor_value = adc_read_single();
      |                                                                    ^~~~~~~~~~~~~~~
../Src/main.c:16:50: warning: unused variable 'my_sensor_value' [-Wunused-variable]
   16 |                         static volatile uint16_t my_sensor_value = adc_read_single();
      |                                                  ^~~~~~~~~~~~~~~
make: *** [Src/subdir.mk:34: Src/main.o] Error 1
"make -j12 all" terminated with exit code 2. Build might be incomplete.
13:07:39 **** Incremental Build of configuration Debug for project 52ADCconfiguration ****
make -j12 all 
arm-none-eabi-gcc "../Src/main.c" -mcpu=cortex-m4 -std=gnu11 -g3 -DDEBUG -DSTM32F410RBTx -DSTM32 -DNUCLEO_F410RB -DSTM32F4 -c -I../Inc -O0 -ffunction-sections -fdata-sections -Wall -fstack-usage -fcyclomatic-complexity -MMD -MP -MF"Src/main.d" -MT"Src/main.o" --specs=nano.specs -mfpu=fpv4-sp-d16 -mfloat-abi=hard -mthumb -o "Src/main.o"
In file included from ../Inc/gpio.h:4,
                 from ../Src/main.c:1:
../Inc/stm32f410rb.h:8:1: warning: "/*" within comment [-Wcomment]
    8 | /*=====================================================================*/
../Inc/stm32f410rb.h:126:1: warning: "/*" within comment [-Wcomment]
  126 | /*2. Direcciones base de memorias y buses (STM32F410RB)
../Inc/stm32f410rb.h:127:1: warning: "/*" within comment [-Wcomment]
  127 | /*=====================================================================*/
../Inc/stm32f410rb.h:142:1: warning: "/*" within comment [-Wcomment]
  142 | /*3. Casteo a punteros
../Inc/stm32f410rb.h:143:1: warning: "/*" within comment [-Wcomment]
  143 | /*=====================================================================*/
../Src/main.c: In function 'main':
../Src/main.c:16:50: warning: variable 'my_sensor_value' set but not used [-Wunused-but-set-variable]
   16 |                         static volatile uint16_t my_sensor_value = 0;
      |                                                  ^~~~~~~~~~~~~~~
arm-none-eabi-gcc -o "52ADCconfiguration.elf" @"objects.list"   -mcpu=cortex-m4 -T"D:\Embedded\STM32Bare\Module5\52ADCconfiguration\STM32F410RBTX_FLASH.ld" --specs=nosys.specs -Wl,-Map="52ADCconfiguration.map" -Wl,--gc-sections -static --specs=nano.specs -mfpu=fpv4-sp-d16 -mfloat-abi=hard -mthumb -Wl,--start-group -lc -lm -Wl,--end-group
Finished building target: 52ADCconfiguration.elf
 
arm-none-eabi-size  52ADCconfiguration.elf 
arm-none-eabi-objdump -h -S 52ADCconfiguration.elf  > "52ADCconfiguration.list"
   text	   data	    bss	    dec	    hex	filename
   1116	      0	   1576	   2692	    a84	52ADCconfiguration.elf
Finished building: default.size.stdout
 
Finished building: 52ADCconfiguration.list
 
13:11:34 **** Incremental Build of configuration Debug for project 52ADCconfiguration ****
make -j12 all 
arm-none-eabi-gcc "../Src/main.c" -mcpu=cortex-m4 -std=gnu11 -g3 -DDEBUG -DSTM32F410RBTx -DSTM32 -DNUCLEO_F410RB -DSTM32F4 -c -I../Inc -O0 -ffunction-sections -fdata-sections -Wall -fstack-usage -fcyclomatic-complexity -MMD -MP -MF"Src/main.d" -MT"Src/main.o" --specs=nano.specs -mfpu=fpv4-sp-d16 -mfloat-abi=hard -mthumb -o "Src/main.o"
In file included from ../Inc/gpio.h:4,
                 from ../Src/main.c:1:
../Inc/stm32f410rb.h:8:1: warning: "/*" within comment [-Wcomment]
    8 | /*=====================================================================*/
../Inc/stm32f410rb.h:126:1: warning: "/*" within comment [-Wcomment]
  126 | /*2. Direcciones base de memorias y buses (STM32F410RB)
../Inc/stm32f410rb.h:127:1: warning: "/*" within comment [-Wcomment]
  127 | /*=====================================================================*/
../Inc/stm32f410rb.h:142:1: warning: "/*" within comment [-Wcomment]
  142 | /*3. Casteo a punteros
../Inc/stm32f410rb.h:143:1: warning: "/*" within comment [-Wcomment]
  143 | /*=====================================================================*/
arm-none-eabi-gcc -o "52ADCconfiguration.elf" @"objects.list"   -mcpu=cortex-m4 -T"D:\Embedded\STM32Bare\Module5\52ADCconfiguration\STM32F410RBTX_FLASH.ld" --specs=nosys.specs -Wl,-Map="52ADCconfiguration.map" -Wl,--gc-sections -static --specs=nano.specs -mfpu=fpv4-sp-d16 -mfloat-abi=hard -mthumb -Wl,--start-group -lc -lm -Wl,--end-group
Finished building target: 52ADCconfiguration.elf
 
arm-none-eabi-size  52ADCconfiguration.elf 
arm-none-eabi-objdump -h -S 52ADCconfiguration.elf  > "52ADCconfiguration.list"
   text	   data	    bss	    dec	    hex	filename
   1116	      0	   1576	   2692	    a84	52ADCconfiguration.elf
Finished building: default.size.stdout
 
Finished building: 52ADCconfiguration.list
 
13:11:39 **** Incremental Build of configuration Debug for project 52ADCconfiguration ****
make -j12 all 
arm-none-eabi-size  52ADCconfiguration.elf 
   text	   data	    bss	    dec	    hex	filename
   1116	      0	   1576	   2692	    a84	52ADCconfiguration.elf
Finished building: default.size.stdout
 
18:43:27 **** Build of configuration Debug for project 52ADCconfiguration ****
make -j12 all 
arm-none-eabi-size  52ADCconfiguration.elf 
   text	   data	    bss	    dec	    hex	filename
   1116	      0	   1576	   2692	    a84	52ADCconfiguration.elf
Finished building: default.size.stdout
 
18:57:26 **** Incremental Build of configuration Debug for project 52ADCconfiguration ****
make -j12 all 
arm-none-eabi-gcc "../Src/adc.c" -mcpu=cortex-m4 -std=gnu11 -g3 -DDEBUG -DSTM32F410RBTx -DSTM32 -DNUCLEO_F410RB -DSTM32F4 -c -I../Inc -O0 -ffunction-sections -fdata-sections -Wall -fstack-usage -fcyclomatic-complexity -MMD -MP -MF"Src/adc.d" -MT"Src/adc.o" --specs=nano.specs -mfpu=fpv4-sp-d16 -mfloat-abi=hard -mthumb -o "Src/adc.o"
In file included from ../Inc/adc.h:4,
                 from ../Src/adc.c:1:
../Inc/stm32f410rb.h:8:1: warning: "/*" within comment [-Wcomment]
    8 | /*=====================================================================*/
../Inc/stm32f410rb.h:126:1: warning: "/*" within comment [-Wcomment]
  126 | /*2. Direcciones base de memorias y buses (STM32F410RB)
../Inc/stm32f410rb.h:127:1: warning: "/*" within comment [-Wcomment]
  127 | /*=====================================================================*/
../Inc/stm32f410rb.h:142:1: warning: "/*" within comment [-Wcomment]
  142 | /*3. Casteo a punteros
../Inc/stm32f410rb.h:143:1: warning: "/*" within comment [-Wcomment]
  143 | /*=====================================================================*/
arm-none-eabi-gcc -o "52ADCconfiguration.elf" @"objects.list"   -mcpu=cortex-m4 -T"D:\Embedded\STM32Bare\Module5\52ADCconfiguration\STM32F410RBTX_FLASH.ld" --specs=nosys.specs -Wl,-Map="52ADCconfiguration.map" -Wl,--gc-sections -static --specs=nano.specs -mfpu=fpv4-sp-d16 -mfloat-abi=hard -mthumb -Wl,--start-group -lc -lm -Wl,--end-group
Finished building target: 52ADCconfiguration.elf
 
arm-none-eabi-size  52ADCconfiguration.elf 
arm-none-eabi-objdump -h -S 52ADCconfiguration.elf  > "52ADCconfiguration.list"
   text	   data	    bss	    dec	    hex	filename
   1116	      0	   1576	   2692	    a84	52ADCconfiguration.elf
Finished building: default.size.stdout
 
Finished building: 52ADCconfiguration.list
 
18:59:35 **** Incremental Build of configuration Debug for project 52ADCconfiguration ****
make -j12 all 
arm-none-eabi-size  52ADCconfiguration.elf 
   text	   data	    bss	    dec	    hex	filename
   1116	      0	   1576	   2692	    a84	52ADCconfiguration.elf
Finished building: default.size.stdout
 
19:00:21 **** Incremental Build of configuration Debug for project 52ADCconfiguration ****
make -j12 all 
arm-none-eabi-size  52ADCconfiguration.elf 
   text	   data	    bss	    dec	    hex	filename
   1116	      0	   1576	   2692	    a84	52ADCconfiguration.elf
Finished building: default.size.stdout
 
